"stateFIPS","State","Year","Value","Data Comment","Age Group"
"01","Alabama","2011","14.1%","","18 to 24"
"01","Alabama","2011","12.0%","","25 to 34"
"01","Alabama","2011","12.1%","","35 to 44"
"01","Alabama","2011","12.4%","","45 to 54"
"01","Alabama","2011","11.7%","","55 to 64"
"01","Alabama","2011","9.7%","","65 or older"
"01","Alabama","2012","20.7%","","18 to 24"
"01","Alabama","2012","13.1%","","25 to 34"
"01","Alabama","2012","12.3%","","35 to 44"
"01","Alabama","2012","13.1%","","45 to 54"
"01","Alabama","2012","13.0%","","55 to 64"
"01","Alabama","2012","10.5%","","65 or older"
"01","Alabama","2013","16.6%","","18 to 24"
"01","Alabama","2013","12.1%","","25 to 34"
"01","Alabama","2013","13.6%","","35 to 44"
"01","Alabama","2013","13.6%","","45 to 54"
"01","Alabama","2013","13.4%","","55 to 64"
"01","Alabama","2013","12.8%","","65 or older"
"01","Alabama","2014","21.1%","","18 to 24"
"01","Alabama","2014","15.8%","","25 to 34"
"01","Alabama","2014","13.8%","","35 to 44"
"01","Alabama","2014","13.5%","","45 to 54"
"01","Alabama","2014","14.1%","","55 to 64"
"01","Alabama","2014","11.2%","","65 or older"
"01","Alabama","2015","19.6%","","18 to 24"
"01","Alabama","2015","17.8%","","25 to 34"
"01","Alabama","2015","12.9%","","35 to 44"
"01","Alabama","2015","17.7%","","45 to 54"
"01","Alabama","2015","13.4%","","55 to 64"
"01","Alabama","2015","13.6%","","65 or older"
"01","Alabama","2016","21.7%","","18 to 24"
"01","Alabama","2016","17.3%","","25 to 34"
"01","Alabama","2016","14.0%","","35 to 44"
"01","Alabama","2016","12.3%","","45 to 54"
"01","Alabama","2016","15.1%","","55 to 64"
"01","Alabama","2016","11.9%","","65 or older"
"02","Alaska","2011","13.8%","","18 to 24"
"02","Alaska","2011","12.7%","","25 to 34"
"02","Alaska","2011","16.9%","","35 to 44"
"02","Alaska","2011","13.7%","","45 to 54"
"02","Alaska","2011","13.2%","","55 to 64"
"02","Alaska","2011","14.1%","","65 or older"
"02","Alaska","2012","19.0%","","18 to 24"
"02","Alaska","2012","12.7%","","25 to 34"
"02","Alaska","2012","13.1%","","35 to 44"
"02","Alaska","2012","14.9%","","45 to 54"
"02","Alaska","2012","12.6%","","55 to 64"
"02","Alaska","2012","12.8%","","65 or older"
"02","Alaska","2013","15.6%","","18 to 24"
"02","Alaska","2013","16.2%","","25 to 34"
"02","Alaska","2013","16.5%","","35 to 44"
"02","Alaska","2013","13.6%","","45 to 54"
"02","Alaska","2013","13.9%","","55 to 64"
"02","Alaska","2013","12.5%","","65 or older"
"02","Alaska","2014","11.4%","","18 to 24"
"02","Alaska","2014","13.0%","","25 to 34"
"02","Alaska","2014","12.3%","","35 to 44"
"02","Alaska","2014","10.2%","","45 to 54"
"02","Alaska","2014","15.2%","","55 to 64"
"02","Alaska","2014","11.1%","","65 or older"
"02","Alaska","2015","15.7%","","18 to 24"
"02","Alaska","2015","17.2%","","25 to 34"
"02","Alaska","2015","13.1%","","35 to 44"
"02","Alaska","2015","11.3%","","45 to 54"
"02","Alaska","2015","11.5%","","55 to 64"
"02","Alaska","2015","11.5%","","65 or older"
"02","Alaska","2016","13.6%","","18 to 24"
"02","Alaska","2016","15.9%","","25 to 34"
"02","Alaska","2016","17.5%","","35 to 44"
"02","Alaska","2016","12.2%","","45 to 54"
"02","Alaska","2016","14.1%","","55 to 64"
"02","Alaska","2016","11.5%","","65 or older"
"04","Arizona","2011","16.0%","","18 to 24"
"04","Arizona","2011","13.7%","","25 to 34"
"04","Arizona","2011","12.9%","","35 to 44"
"04","Arizona","2011","15.5%","","45 to 54"
"04","Arizona","2011","12.6%","","55 to 64"
"04","Arizona","2011","14.2%","","65 or older"
"04","Arizona","2012","17.8%","","18 to 24"
"04","Arizona","2012","13.9%","","25 to 34"
"04","Arizona","2012","15.7%","","35 to 44"
"04","Arizona","2012","11.3%","","45 to 54"
"04","Arizona","2012","12.4%","","55 to 64"
"04","Arizona","2012","11.5%","","65 or older"
"04","Arizona","2013","16.0%","","18 to 24"
"04","Arizona","2013","14.9%","","25 to 34"
"04","Arizona","2013","16.9%","","35 to 44"
"04","Arizona","2013","15.1%","","45 to 54"
"04","Arizona","2013","14.2%","","55 to 64"
"04","Arizona","2013","11.6%","","65 or older"
"04","Arizona","2014","17.5%","","18 to 24"
"04","Arizona","2014","16.0%","","25 to 34"
"04","Arizona","2014","15.1%","","35 to 44"
"04","Arizona","2014","12.6%","","45 to 54"
"04","Arizona","2014","13.1%","","55 to 64"
"04","Arizona","2014","12.4%","","65 or older"
"04","Arizona","2015","19.6%","","18 to 24"
"04","Arizona","2015","18.6%","","25 to 34"
"04","Arizona","2015","16.0%","","35 to 44"
"04","Arizona","2015","14.3%","","45 to 54"
"04","Arizona","2015","15.5%","","55 to 64"
"04","Arizona","2015","12.4%","","65 or older"
"04","Arizona","2016","13.4%","","18 to 24"
"04","Arizona","2016","15.0%","","25 to 34"
"04","Arizona","2016","15.0%","","35 to 44"
"04","Arizona","2016","16.4%","","45 to 54"
"04","Arizona","2016","15.8%","","55 to 64"
"04","Arizona","2016","12.8%","","65 or older"
"05","Arkansas","2011","15.1%","","18 to 24"
"05","Arkansas","2011","16.6%","","25 to 34"
"05","Arkansas","2011","13.2%","","35 to 44"
"05","Arkansas","2011","13.8%","","45 to 54"
"05","Arkansas","2011","16.6%","","55 to 64"
"05","Arkansas","2011","11.1%","","65 or older"
"05","Arkansas","2012","13.8%","","18 to 24"
"05","Arkansas","2012","11.5%","","25 to 34"
"05","Arkansas","2012","12.8%","","35 to 44"
"05","Arkansas","2012","11.3%","","45 to 54"
"05","Arkansas","2012","14.2%","","55 to 64"
"05","Arkansas","2012","12.7%","","65 or older"
"05","Arkansas","2013","15.0%","","18 to 24"
"05","Arkansas","2013","13.7%","","25 to 34"
"05","Arkansas","2013","11.4%","","35 to 44"
"05","Arkansas","2013","12.7%","","45 to 54"
"05","Arkansas","2013","12.4%","","55 to 64"
"05","Arkansas","2013","13.7%","","65 or older"
"05","Arkansas","2014","14.4%","","18 to 24"
"05","Arkansas","2014","11.2%","","25 to 34"
"05","Arkansas","2014","12.8%","","35 to 44"
"05","Arkansas","2014","14.8%","","45 to 54"
"05","Arkansas","2014","15.2%","","55 to 64"
"05","Arkansas","2014","12.3%","","65 or older"
"05","Arkansas","2015","30.2%","","18 to 24"
"05","Arkansas","2015","12.1%","","25 to 34"
"05","Arkansas","2015","13.0%","","35 to 44"
"05","Arkansas","2015","14.7%","","45 to 54"
"05","Arkansas","2015","19.1%","","55 to 64"
"05","Arkansas","2015","11.9%","","65 or older"
"05","Arkansas","2016","22.8%","","18 to 24"
"05","Arkansas","2016","13.4%","","25 to 34"
"05","Arkansas","2016","14.4%","","35 to 44"
"05","Arkansas","2016","13.2%","","45 to 54"
"05","Arkansas","2016","13.2%","","55 to 64"
"05","Arkansas","2016","11.4%","","65 or older"
"06","California","2011","20.4%","","18 to 24"
"06","California","2011","14.7%","","25 to 34"
"06","California","2011","11.0%","","35 to 44"
"06","California","2011","13.3%","","45 to 54"
"06","California","2011","13.9%","","55 to 64"
"06","California","2011","12.4%","","65 or older"
"06","California","2012","17.4%","","18 to 24"
"06","California","2012","15.3%","","25 to 34"
"06","California","2012","12.5%","","35 to 44"
"06","California","2012","13.8%","","45 to 54"
"06","California","2012","14.4%","","55 to 64"
"06","California","2012","13.6%","","65 or older"
"06","California","2013","18.9%","","18 to 24"
"06","California","2013","12.9%","","25 to 34"
"06","California","2013","12.1%","","35 to 44"
"06","California","2013","13.4%","","45 to 54"
"06","California","2013","16.9%","","55 to 64"
"06","California","2013","13.5%","","65 or older"
"06","California","2014","16.5%","","18 to 24"
"06","California","2014","10.9%","","25 to 34"
"06","California","2014","11.5%","","35 to 44"
"06","California","2014","12.9%","","45 to 54"
"06","California","2014","13.1%","","55 to 64"
"06","California","2014","12.0%","","65 or older"
"06","California","2015","16.7%","","18 to 24"
"06","California","2015","12.9%","","25 to 34"
"06","California","2015","11.4%","","35 to 44"
"06","California","2015","10.4%","","45 to 54"
"06","California","2015","13.8%","","55 to 64"
"06","California","2015","13.2%","","65 or older"
"06","California","2016","15.0%","","18 to 24"
"06","California","2016","12.9%","","25 to 34"
"06","California","2016","10.9%","","35 to 44"
"06","California","2016","12.8%","","45 to 54"
"06","California","2016","12.8%","","55 to 64"
"06","California","2016","13.0%","","65 or older"
"08","Colorado","2011","17.0%","","18 to 24"
"08","Colorado","2011","14.2%","","25 to 34"
"08","Colorado","2011","11.9%","","35 to 44"
"08","Colorado","2011","12.0%","","45 to 54"
"08","Colorado","2011","12.1%","","55 to 64"
"08","Colorado","2011","11.6%","","65 or older"
"08","Colorado","2012","19.8%","","18 to 24"
"08","Colorado","2012","13.7%","","25 to 34"
"08","Colorado","2012","11.2%","","35 to 44"
"08","Colorado","2012","10.9%","","45 to 54"
"08","Colorado","2012","12.5%","","55 to 64"
"08","Colorado","2012","11.6%","","65 or older"
"08","Colorado","2013","20.2%","","18 to 24"
"08","Colorado","2013","14.4%","","25 to 34"
"08","Colorado","2013","13.0%","","35 to 44"
"08","Colorado","2013","12.1%","","45 to 54"
"08","Colorado","2013","12.0%","","55 to 64"
"08","Colorado","2013","11.2%","","65 or older"
"08","Colorado","2014","15.9%","","18 to 24"
"08","Colorado","2014","12.8%","","25 to 34"
"08","Colorado","2014","11.3%","","35 to 44"
"08","Colorado","2014","10.8%","","45 to 54"
"08","Colorado","2014","12.6%","","55 to 64"
"08","Colorado","2014","10.8%","","65 or older"
"08","Colorado","2015","21.5%","","18 to 24"
"08","Colorado","2015","14.6%","","25 to 34"
"08","Colorado","2015","14.3%","","35 to 44"
"08","Colorado","2015","12.5%","","45 to 54"
"08","Colorado","2015","11.0%","","55 to 64"
"08","Colorado","2015","11.9%","","65 or older"
"08","Colorado","2016","18.6%","","18 to 24"
"08","Colorado","2016","14.1%","","25 to 34"
"08","Colorado","2016","14.4%","","35 to 44"
"08","Colorado","2016","12.9%","","45 to 54"
"08","Colorado","2016","13.3%","","55 to 64"
"08","Colorado","2016","10.8%","","65 or older"
"09","Connecticut","2011","22.6%","","18 to 24"
"09","Connecticut","2011","20.4%","","25 to 34"
"09","Connecticut","2011","13.8%","","35 to 44"
"09","Connecticut","2011","11.6%","","45 to 54"
"09","Connecticut","2011","14.1%","","55 to 64"
"09","Connecticut","2011","10.9%","","65 or older"
"09","Connecticut","2012","19.2%","","18 to 24"
"09","Connecticut","2012","16.0%","","25 to 34"
"09","Connecticut","2012","14.9%","","35 to 44"
"09","Connecticut","2012","12.9%","","45 to 54"
"09","Connecticut","2012","13.8%","","55 to 64"
"09","Connecticut","2012","11.4%","","65 or older"
"09","Connecticut","2013","27.5%","","18 to 24"
"09","Connecticut","2013","17.4%","","25 to 34"
"09","Connecticut","2013","17.0%","","35 to 44"
"09","Connecticut","2013","14.4%","","45 to 54"
"09","Connecticut","2013","14.6%","","55 to 64"
"09","Connecticut","2013","13.0%","","65 or older"
"09","Connecticut","2014","17.6%","","18 to 24"
"09","Connecticut","2014","16.1%","","25 to 34"
"09","Connecticut","2014","15.1%","","35 to 44"
"09","Connecticut","2014","11.6%","","45 to 54"
"09","Connecticut","2014","14.7%","","55 to 64"
"09","Connecticut","2014","11.2%","","65 or older"
"09","Connecticut","2015","24.6%","","18 to 24"
"09","Connecticut","2015","18.6%","","25 to 34"
"09","Connecticut","2015","16.6%","","35 to 44"
"09","Connecticut","2015","13.2%","","45 to 54"
"09","Connecticut","2015","14.6%","","55 to 64"
"09","Connecticut","2015","13.8%","","65 or older"
"09","Connecticut","2016","23.7%","","18 to 24"
"09","Connecticut","2016","16.6%","","25 to 34"
"09","Connecticut","2016","15.4%","","35 to 44"
"09","Connecticut","2016","14.1%","","45 to 54"
"09","Connecticut","2016","15.4%","","55 to 64"
"09","Connecticut","2016","11.8%","","65 or older"
"10","Delaware","2011","18.7%","","18 to 24"
"10","Delaware","2011","18.0%","","25 to 34"
"10","Delaware","2011","14.2%","","35 to 44"
"10","Delaware","2011","11.4%","","45 to 54"
"10","Delaware","2011","12.1%","","55 to 64"
"10","Delaware","2011","11.3%","","65 or older"
"10","Delaware","2012","15.8%","","18 to 24"
"10","Delaware","2012","15.7%","","25 to 34"
"10","Delaware","2012","14.2%","","35 to 44"
"10","Delaware","2012","12.7%","","45 to 54"
"10","Delaware","2012","14.6%","","55 to 64"
"10","Delaware","2012","10.1%","","65 or older"
"10","Delaware","2013","22.2%","","18 to 24"
"10","Delaware","2013","18.7%","","25 to 34"
"10","Delaware","2013","16.9%","","35 to 44"
"10","Delaware","2013","15.1%","","45 to 54"
"10","Delaware","2013","11.9%","","55 to 64"
"10","Delaware","2013","10.7%","","65 or older"
"10","Delaware","2014","17.9%","","18 to 24"
"10","Delaware","2014","16.2%","","25 to 34"
"10","Delaware","2014","12.7%","","35 to 44"
"10","Delaware","2014","14.1%","","45 to 54"
"10","Delaware","2014","13.3%","","55 to 64"
"10","Delaware","2014","12.8%","","65 or older"
"10","Delaware","2015","23.1%","","18 to 24"
"10","Delaware","2015","14.8%","","25 to 34"
"10","Delaware","2015","11.2%","","35 to 44"
"10","Delaware","2015","16.6%","","45 to 54"
"10","Delaware","2015","13.3%","","55 to 64"
"10","Delaware","2015","11.1%","","65 or older"
"10","Delaware","2016","18.6%","","18 to 24"
"10","Delaware","2016","12.8%","","25 to 34"
"10","Delaware","2016","14.2%","","35 to 44"
"10","Delaware","2016","12.5%","","45 to 54"
"10","Delaware","2016","11.7%","","55 to 64"
"10","Delaware","2016","9.5%","","65 or older"
"11","District of Columbia","2011","12.2%","","18 to 24"
"11","District of Columbia","2011","19.7%","","25 to 34"
"11","District of Columbia","2011","13.3%","","35 to 44"
"11","District of Columbia","2011","18.8%","","45 to 54"
"11","District of Columbia","2011","16.3%","","55 to 64"
"11","District of Columbia","2011","12.6%","","65 or older"
"11","District of Columbia","2012","16.4%","","18 to 24"
"11","District of Columbia","2012","17.2%","","25 to 34"
"11","District of Columbia","2012","13.2%","","35 to 44"
"11","District of Columbia","2012","15.1%","","45 to 54"
"11","District of Columbia","2012","13.8%","","55 to 64"
"11","District of Columbia","2012","11.2%","","65 or older"
"11","District of Columbia","2013","25.8%","","18 to 24"
"11","District of Columbia","2013","17.1%","","25 to 34"
"11","District of Columbia","2013","18.2%","","35 to 44"
"11","District of Columbia","2013","16.0%","","45 to 54"
"11","District of Columbia","2013","16.1%","","55 to 64"
"11","District of Columbia","2013","12.2%","","65 or older"
"11","District of Columbia","2014","26.1%","","18 to 24"
"11","District of Columbia","2014","19.9%","","25 to 34"
"11","District of Columbia","2014","14.7%","","35 to 44"
"11","District of Columbia","2014","14.6%","","45 to 54"
"11","District of Columbia","2014","16.7%","","55 to 64"
"11","District of Columbia","2014","11.3%","","65 or older"
"11","District of Columbia","2015","27.6%","","18 to 24"
"11","District of Columbia","2015","15.2%","","25 to 34"
"11","District of Columbia","2015","16.2%","","35 to 44"
"11","District of Columbia","2015","18.9%","","45 to 54"
"11","District of Columbia","2015","15.2%","","55 to 64"
"11","District of Columbia","2015","14.2%","","65 or older"
"11","District of Columbia","2016","21.4%","","18 to 24"
"11","District of Columbia","2016","14.8%","","25 to 34"
"11","District of Columbia","2016","15.9%","","35 to 44"
"11","District of Columbia","2016","13.7%","","45 to 54"
"11","District of Columbia","2016","15.6%","","55 to 64"
"11","District of Columbia","2016","11.3%","","65 or older"
"12","Florida","2011","16.2%","","18 to 24"
"12","Florida","2011","12.1%","","25 to 34"
"12","Florida","2011","12.0%","","35 to 44"
"12","Florida","2011","12.5%","","45 to 54"
"12","Florida","2011","13.1%","","55 to 64"
"12","Florida","2011","10.1%","","65 or older"
"12","Florida","2012","19.2%","","18 to 24"
"12","Florida","2012","14.7%","","25 to 34"
"12","Florida","2012","9.1%","","35 to 44"
"12","Florida","2012","12.5%","","45 to 54"
"12","Florida","2012","12.4%","","55 to 64"
"12","Florida","2012","10.3%","","65 or older"
"12","Florida","2013","16.8%","","18 to 24"
"12","Florida","2013","16.2%","","25 to 34"
"12","Florida","2013","11.7%","","35 to 44"
"12","Florida","2013","14.2%","","45 to 54"
"12","Florida","2013","13.7%","","55 to 64"
"12","Florida","2013","11.0%","","65 or older"
"12","Florida","2014","16.0%","","18 to 24"
"12","Florida","2014","12.9%","","25 to 34"
"12","Florida","2014","10.6%","","35 to 44"
"12","Florida","2014","12.6%","","45 to 54"
"12","Florida","2014","13.3%","","55 to 64"
"12","Florida","2014","10.0%","","65 or older"
"12","Florida","2015","17.5%","","18 to 24"
"12","Florida","2015","12.3%","","25 to 34"
"12","Florida","2015","12.5%","","35 to 44"
"12","Florida","2015","11.3%","","45 to 54"
"12","Florida","2015","13.7%","","55 to 64"
"12","Florida","2015","10.8%","","65 or older"
"12","Florida","2016","14.1%","","18 to 24"
"12","Florida","2016","12.4%","","25 to 34"
"12","Florida","2016","10.9%","","35 to 44"
"12","Florida","2016","10.0%","","45 to 54"
"12","Florida","2016","12.0%","","55 to 64"
"12","Florida","2016","9.0%","","65 or older"
"13","Georgia","2011","18.7%","","18 to 24"
"13","Georgia","2011","15.7%","","25 to 34"
"13","Georgia","2011","12.7%","","35 to 44"
"13","Georgia","2011","12.7%","","45 to 54"
"13","Georgia","2011","13.7%","","55 to 64"
"13","Georgia","2011","11.9%","","65 or older"
"13","Georgia","2012","20.2%","","18 to 24"
"13","Georgia","2012","12.8%","","25 to 34"
"13","Georgia","2012","9.7%","","35 to 44"
"13","Georgia","2012","13.4%","","45 to 54"
"13","Georgia","2012","12.8%","","55 to 64"
"13","Georgia","2012","10.6%","","65 or older"
"13","Georgia","2013","21.6%","","18 to 24"
"13","Georgia","2013","14.5%","","25 to 34"
"13","Georgia","2013","13.0%","","35 to 44"
"13","Georgia","2013","12.1%","","45 to 54"
"13","Georgia","2013","14.1%","","55 to 64"
"13","Georgia","2013","10.7%","","65 or older"
"13","Georgia","2014","20.4%","","18 to 24"
"13","Georgia","2014","14.1%","","25 to 34"
"13","Georgia","2014","13.4%","","35 to 44"
"13","Georgia","2014","11.8%","","45 to 54"
"13","Georgia","2014","13.0%","","55 to 64"
"13","Georgia","2014","11.7%","","65 or older"
"13","Georgia","2015","22.9%","","18 to 24"
"13","Georgia","2015","11.1%","","25 to 34"
"13","Georgia","2015","12.9%","","35 to 44"
"13","Georgia","2015","14.7%","","45 to 54"
"13","Georgia","2015","14.2%","","55 to 64"
"13","Georgia","2015","12.4%","","65 or older"
"13","Georgia","2016","18.2%","","18 to 24"
"13","Georgia","2016","14.0%","","25 to 34"
"13","Georgia","2016","13.0%","","35 to 44"
"13","Georgia","2016","13.9%","","45 to 54"
"13","Georgia","2016","12.4%","","55 to 64"
"13","Georgia","2016","10.2%","","65 or older"
"15","Hawaii","2011","28.1%","","18 to 24"
"15","Hawaii","2011","16.8%","","25 to 34"
"15","Hawaii","2011","12.8%","","35 to 44"
"15","Hawaii","2011","17.8%","","45 to 54"
"15","Hawaii","2011","14.2%","","55 to 64"
"15","Hawaii","2011","11.6%","","65 or older"
"15","Hawaii","2012","20.7%","","18 to 24"
"15","Hawaii","2012","19.2%","","25 to 34"
"15","Hawaii","2012","13.2%","","35 to 44"
"15","Hawaii","2012","12.1%","","45 to 54"
"15","Hawaii","2012","13.6%","","55 to 64"
"15","Hawaii","2012","9.8%","","65 or older"
"15","Hawaii","2013","25.0%","","18 to 24"
"15","Hawaii","2013","18.1%","","25 to 34"
"15","Hawaii","2013","15.7%","","35 to 44"
"15","Hawaii","2013","13.9%","","45 to 54"
"15","Hawaii","2013","17.8%","","55 to 64"
"15","Hawaii","2013","12.4%","","65 or older"
"15","Hawaii","2014","20.4%","","18 to 24"
"15","Hawaii","2014","19.7%","","25 to 34"
"15","Hawaii","2014","16.2%","","35 to 44"
"15","Hawaii","2014","16.8%","","45 to 54"
"15","Hawaii","2014","12.4%","","55 to 64"
"15","Hawaii","2014","13.7%","","65 or older"
"15","Hawaii","2015","27.4%","","18 to 24"
"15","Hawaii","2015","18.4%","","25 to 34"
"15","Hawaii","2015","16.7%","","35 to 44"
"15","Hawaii","2015","13.4%","","45 to 54"
"15","Hawaii","2015","17.1%","","55 to 64"
"15","Hawaii","2015","12.0%","","65 or older"
"15","Hawaii","2016","26.7%","","18 to 24"
"15","Hawaii","2016","18.0%","","25 to 34"
"15","Hawaii","2016","15.0%","","35 to 44"
"15","Hawaii","2016","17.4%","","45 to 54"
"15","Hawaii","2016","16.4%","","55 to 64"
"15","Hawaii","2016","14.1%","","65 or older"
"16","Idaho","2011","14.2%","","18 to 24"
"16","Idaho","2011","15.3%","","25 to 34"
"16","Idaho","2011","12.2%","","35 to 44"
"16","Idaho","2011","11.8%","","45 to 54"
"16","Idaho","2011","12.1%","","55 to 64"
"16","Idaho","2011","13.8%","","65 or older"
"16","Idaho","2012","11.9%","","18 to 24"
"16","Idaho","2012","11.0%","","25 to 34"
"16","Idaho","2012","9.9%","","35 to 44"
"16","Idaho","2012","14.6%","","45 to 54"
"16","Idaho","2012","10.3%","","55 to 64"
"16","Idaho","2012","11.9%","","65 or older"
"16","Idaho","2013","16.0%","","18 to 24"
"16","Idaho","2013","10.4%","","25 to 34"
"16","Idaho","2013","16.2%","","35 to 44"
"16","Idaho","2013","11.4%","","45 to 54"
"16","Idaho","2013","12.5%","","55 to 64"
"16","Idaho","2013","11.8%","","65 or older"
"16","Idaho","2014","14.0%","","18 to 24"
"16","Idaho","2014","13.8%","","25 to 34"
"16","Idaho","2014","13.2%","","35 to 44"
"16","Idaho","2014","9.6%","","45 to 54"
"16","Idaho","2014","12.9%","","55 to 64"
"16","Idaho","2014","11.4%","","65 or older"
"16","Idaho","2015","18.3%","","18 to 24"
"16","Idaho","2015","13.9%","","25 to 34"
"16","Idaho","2015","13.5%","","35 to 44"
"16","Idaho","2015","11.8%","","45 to 54"
"16","Idaho","2015","15.3%","","55 to 64"
"16","Idaho","2015","11.0%","","65 or older"
"16","Idaho","2016","16.5%","","18 to 24"
"16","Idaho","2016","11.3%","","25 to 34"
"16","Idaho","2016","12.7%","","35 to 44"
"16","Idaho","2016","12.7%","","45 to 54"
"16","Idaho","2016","12.0%","","55 to 64"
"16","Idaho","2016","11.8%","","65 or older"
"17","Illinois","2011","18.6%","","18 to 24"
"17","Illinois","2011","14.5%","","25 to 34"
"17","Illinois","2011","12.6%","","35 to 44"
"17","Illinois","2011","12.0%","","45 to 54"
"17","Illinois","2011","14.6%","","55 to 64"
"17","Illinois","2011","10.4%","","65 or older"
"17","Illinois","2012","13.7%","","18 to 24"
"17","Illinois","2012","13.8%","","25 to 34"
"17","Illinois","2012","11.9%","","35 to 44"
"17","Illinois","2012","12.6%","","45 to 54"
"17","Illinois","2012","12.5%","","55 to 64"
"17","Illinois","2012","11.0%","","65 or older"
"17","Illinois","2013","14.8%","","18 to 24"
"17","Illinois","2013","13.3%","","25 to 34"
"17","Illinois","2013","10.2%","","35 to 44"
"17","Illinois","2013","11.0%","","45 to 54"
"17","Illinois","2013","12.1%","","55 to 64"
"17","Illinois","2013","11.2%","","65 or older"
"17","Illinois","2014","17.7%","","18 to 24"
"17","Illinois","2014","15.0%","","25 to 34"
"17","Illinois","2014","14.9%","","35 to 44"
"17","Illinois","2014","12.5%","","45 to 54"
"17","Illinois","2014","13.0%","","55 to 64"
"17","Illinois","2014","12.1%","","65 or older"
"17","Illinois","2015","20.0%","","18 to 24"
"17","Illinois","2015","15.8%","","25 to 34"
"17","Illinois","2015","12.9%","","35 to 44"
"17","Illinois","2015","12.3%","","45 to 54"
"17","Illinois","2015","12.2%","","55 to 64"
"17","Illinois","2015","10.5%","","65 or older"
"17","Illinois","2016","21.6%","","18 to 24"
"17","Illinois","2016","15.3%","","25 to 34"
"17","Illinois","2016","13.4%","","35 to 44"
"17","Illinois","2016","13.4%","","45 to 54"
"17","Illinois","2016","12.1%","","55 to 64"
"17","Illinois","2016","11.4%","","65 or older"
"18","Indiana","2011","18.8%","","18 to 24"
"18","Indiana","2011","13.1%","","25 to 34"
"18","Indiana","2011","13.6%","","35 to 44"
"18","Indiana","2011","14.8%","","45 to 54"
"18","Indiana","2011","13.0%","","55 to 64"
"18","Indiana","2011","11.1%","","65 or older"
"18","Indiana","2012","15.0%","","18 to 24"
"18","Indiana","2012","13.4%","","25 to 34"
"18","Indiana","2012","13.4%","","35 to 44"
"18","Indiana","2012","11.8%","","45 to 54"
"18","Indiana","2012","13.3%","","55 to 64"
"18","Indiana","2012","11.3%","","65 or older"
"18","Indiana","2013","17.8%","","18 to 24"
"18","Indiana","2013","18.5%","","25 to 34"
"18","Indiana","2013","14.5%","","35 to 44"
"18","Indiana","2013","15.1%","","45 to 54"
"18","Indiana","2013","13.3%","","55 to 64"
"18","Indiana","2013","13.3%","","65 or older"
"18","Indiana","2014","19.5%","","18 to 24"
"18","Indiana","2014","16.2%","","25 to 34"
"18","Indiana","2014","15.1%","","35 to 44"
"18","Indiana","2014","13.8%","","45 to 54"
"18","Indiana","2014","12.3%","","55 to 64"
"18","Indiana","2014","12.4%","","65 or older"
"18","Indiana","2015","19.6%","","18 to 24"
"18","Indiana","2015","19.4%","","25 to 34"
"18","Indiana","2015","11.6%","","35 to 44"
"18","Indiana","2015","13.4%","","45 to 54"
"18","Indiana","2015","14.8%","","55 to 64"
"18","Indiana","2015","11.8%","","65 or older"
"18","Indiana","2016","17.5%","","18 to 24"
"18","Indiana","2016","16.3%","","25 to 34"
"18","Indiana","2016","13.1%","","35 to 44"
"18","Indiana","2016","14.8%","","45 to 54"
"18","Indiana","2016","15.7%","","55 to 64"
"18","Indiana","2016","10.4%","","65 or older"
"19","Iowa","2011","17.6%","","18 to 24"
"19","Iowa","2011","12.8%","","25 to 34"
"19","Iowa","2011","13.7%","","35 to 44"
"19","Iowa","2011","9.7%","","45 to 54"
"19","Iowa","2011","10.1%","","55 to 64"
"19","Iowa","2011","8.8%","","65 or older"
"19","Iowa","2012","15.9%","","18 to 24"
"19","Iowa","2012","14.5%","","25 to 34"
"19","Iowa","2012","9.7%","","35 to 44"
"19","Iowa","2012","11.0%","","45 to 54"
"19","Iowa","2012","11.0%","","55 to 64"
"19","Iowa","2012","10.0%","","65 or older"
"19","Iowa","2013","20.5%","","18 to 24"
"19","Iowa","2013","12.9%","","25 to 34"
"19","Iowa","2013","11.6%","","35 to 44"
"19","Iowa","2013","10.8%","","45 to 54"
"19","Iowa","2013","10.2%","","55 to 64"
"19","Iowa","2013","9.4%","","65 or older"
"19","Iowa","2014","18.4%","","18 to 24"
"19","Iowa","2014","17.1%","","25 to 34"
"19","Iowa","2014","11.0%","","35 to 44"
"19","Iowa","2014","12.8%","","45 to 54"
"19","Iowa","2014","12.3%","","55 to 64"
"19","Iowa","2014","9.6%","","65 or older"
"19","Iowa","2015","14.9%","","18 to 24"
"19","Iowa","2015","15.5%","","25 to 34"
"19","Iowa","2015","10.8%","","35 to 44"
"19","Iowa","2015","12.6%","","45 to 54"
"19","Iowa","2015","10.8%","","55 to 64"
"19","Iowa","2015","9.8%","","65 or older"
"19","Iowa","2016","18.2%","","18 to 24"
"19","Iowa","2016","13.7%","","25 to 34"
"19","Iowa","2016","12.8%","","35 to 44"
"19","Iowa","2016","10.9%","","45 to 54"
"19","Iowa","2016","10.2%","","55 to 64"
"19","Iowa","2016","9.1%","","65 or older"
"20","Kansas","2011","17.7%","","18 to 24"
"20","Kansas","2011","14.7%","","25 to 34"
"20","Kansas","2011","13.5%","","35 to 44"
"20","Kansas","2011","11.0%","","45 to 54"
"20","Kansas","2011","11.8%","","55 to 64"
"20","Kansas","2011","9.5%","","65 or older"
"20","Kansas","2012","16.7%","","18 to 24"
"20","Kansas","2012","13.3%","","25 to 34"
"20","Kansas","2012","11.7%","","35 to 44"
"20","Kansas","2012","10.8%","","45 to 54"
"20","Kansas","2012","10.3%","","55 to 64"
"20","Kansas","2012","9.7%","","65 or older"
"20","Kansas","2013","18.2%","","18 to 24"
"20","Kansas","2013","14.9%","","25 to 34"
"20","Kansas","2013","13.8%","","35 to 44"
"20","Kansas","2013","12.4%","","45 to 54"
"20","Kansas","2013","11.8%","","55 to 64"
"20","Kansas","2013","10.4%","","65 or older"
"20","Kansas","2014","18.3%","","18 to 24"
"20","Kansas","2014","13.9%","","25 to 34"
"20","Kansas","2014","13.5%","","35 to 44"
"20","Kansas","2014","13.4%","","45 to 54"
"20","Kansas","2014","12.6%","","55 to 64"
"20","Kansas","2014","11.0%","","65 or older"
"20","Kansas","2015","17.4%","","18 to 24"
"20","Kansas","2015","14.8%","","25 to 34"
"20","Kansas","2015","12.9%","","35 to 44"
"20","Kansas","2015","13.6%","","45 to 54"
"20","Kansas","2015","12.6%","","55 to 64"
"20","Kansas","2015","11.0%","","65 or older"
"20","Kansas","2016","17.5%","","18 to 24"
"20","Kansas","2016","14.8%","","25 to 34"
"20","Kansas","2016","10.3%","","35 to 44"
"20","Kansas","2016","12.9%","","45 to 54"
"20","Kansas","2016","12.9%","","55 to 64"
"20","Kansas","2016","11.4%","","65 or older"
"21","Kentucky","2011","18.5%","","18 to 24"
"21","Kentucky","2011","12.1%","","25 to 34"
"21","Kentucky","2011","14.9%","","35 to 44"
"21","Kentucky","2011","14.3%","","45 to 54"
"21","Kentucky","2011","16.4%","","55 to 64"
"21","Kentucky","2011","15.3%","","65 or older"
"21","Kentucky","2012","16.6%","","18 to 24"
"21","Kentucky","2012","17.2%","","25 to 34"
"21","Kentucky","2012","15.7%","","35 to 44"
"21","Kentucky","2012","15.4%","","45 to 54"
"21","Kentucky","2012","17.5%","","55 to 64"
"21","Kentucky","2012","14.5%","","65 or older"
"21","Kentucky","2013","18.4%","","18 to 24"
"21","Kentucky","2013","14.2%","","25 to 34"
"21","Kentucky","2013","13.2%","","35 to 44"
"21","Kentucky","2013","13.5%","","45 to 54"
"21","Kentucky","2013","14.6%","","55 to 64"
"21","Kentucky","2013","12.9%","","65 or older"
"21","Kentucky","2014","21.0%","","18 to 24"
"21","Kentucky","2014","17.9%","","25 to 34"
"21","Kentucky","2014","18.6%","","35 to 44"
"21","Kentucky","2014","15.8%","","45 to 54"
"21","Kentucky","2014","16.8%","","55 to 64"
"21","Kentucky","2014","13.1%","","65 or older"
"21","Kentucky","2015","23.9%","","18 to 24"
"21","Kentucky","2015","19.0%","","25 to 34"
"21","Kentucky","2015","19.0%","","35 to 44"
"21","Kentucky","2015","15.4%","","45 to 54"
"21","Kentucky","2015","17.7%","","55 to 64"
"21","Kentucky","2015","14.1%","","65 or older"
"21","Kentucky","2016","17.4%","","18 to 24"
"21","Kentucky","2016","16.0%","","25 to 34"
"21","Kentucky","2016","15.2%","","35 to 44"
"21","Kentucky","2016","12.7%","","45 to 54"
"21","Kentucky","2016","16.3%","","55 to 64"
"21","Kentucky","2016","15.2%","","65 or older"
"22","Louisiana","2011","13.8%","","18 to 24"
"22","Louisiana","2011","10.6%","","25 to 34"
"22","Louisiana","2011","11.9%","","35 to 44"
"22","Louisiana","2011","10.6%","","45 to 54"
"22","Louisiana","2011","11.7%","","55 to 64"
"22","Louisiana","2011","8.9%","","65 or older"
"22","Louisiana","2012","16.0%","","18 to 24"
"22","Louisiana","2012","12.0%","","25 to 34"
"22","Louisiana","2012","11.4%","","35 to 44"
"22","Louisiana","2012","10.3%","","45 to 54"
"22","Louisiana","2012","14.4%","","55 to 64"
"22","Louisiana","2012","9.1%","","65 or older"
"22","Louisiana","2013","17.3%","","18 to 24"
"22","Louisiana","2013","14.8%","","25 to 34"
"22","Louisiana","2013","10.6%","","35 to 44"
"22","Louisiana","2013","11.2%","","45 to 54"
"22","Louisiana","2013","10.7%","","55 to 64"
"22","Louisiana","2013","10.0%","","65 or older"
"22","Louisiana","2014","15.5%","","18 to 24"
"22","Louisiana","2014","12.9%","","25 to 34"
"22","Louisiana","2014","12.9%","","35 to 44"
"22","Louisiana","2014","11.3%","","45 to 54"
"22","Louisiana","2014","12.2%","","55 to 64"
"22","Louisiana","2014","11.5%","","65 or older"
"22","Louisiana","2015","21.2%","","18 to 24"
"22","Louisiana","2015","18.9%","","25 to 34"
"22","Louisiana","2015","11.5%","","35 to 44"
"22","Louisiana","2015","11.3%","","45 to 54"
"22","Louisiana","2015","12.8%","","55 to 64"
"22","Louisiana","2015","13.0%","","65 or older"
"22","Louisiana","2016","20.1%","","18 to 24"
"22","Louisiana","2016","13.9%","","25 to 34"
"22","Louisiana","2016","14.8%","","35 to 44"
"22","Louisiana","2016","11.8%","","45 to 54"
"22","Louisiana","2016","16.0%","","55 to 64"
"22","Louisiana","2016","11.0%","","65 or older"
"23","Maine","2011","28.5%","","18 to 24"
"23","Maine","2011","21.9%","","25 to 34"
"23","Maine","2011","14.9%","","35 to 44"
"23","Maine","2011","15.6%","","45 to 54"
"23","Maine","2011","14.9%","","55 to 64"
"23","Maine","2011","11.2%","","65 or older"
"23","Maine","2012","21.4%","","18 to 24"
"23","Maine","2012","18.8%","","25 to 34"
"23","Maine","2012","14.7%","","35 to 44"
"23","Maine","2012","13.7%","","45 to 54"
"23","Maine","2012","14.2%","","55 to 64"
"23","Maine","2012","11.2%","","65 or older"
"23","Maine","2013","24.2%","","18 to 24"
"23","Maine","2013","17.6%","","25 to 34"
"23","Maine","2013","17.0%","","35 to 44"
"23","Maine","2013","17.3%","","45 to 54"
"23","Maine","2013","13.2%","","55 to 64"
"23","Maine","2013","12.2%","","65 or older"
"23","Maine","2014","21.0%","","18 to 24"
"23","Maine","2014","21.4%","","25 to 34"
"23","Maine","2014","18.9%","","35 to 44"
"23","Maine","2014","15.3%","","45 to 54"
"23","Maine","2014","14.0%","","55 to 64"
"23","Maine","2014","12.6%","","65 or older"
"23","Maine","2015","21.4%","","18 to 24"
"23","Maine","2015","18.7%","","25 to 34"
"23","Maine","2015","17.4%","","35 to 44"
"23","Maine","2015","14.7%","","45 to 54"
"23","Maine","2015","15.4%","","55 to 64"
"23","Maine","2015","11.5%","","65 or older"
"23","Maine","2016","22.2%","","18 to 24"
"23","Maine","2016","20.6%","","25 to 34"
"23","Maine","2016","19.5%","","35 to 44"
"23","Maine","2016","15.3%","","45 to 54"
"23","Maine","2016","13.9%","","55 to 64"
"23","Maine","2016","13.7%","","65 or older"
"24","Maryland","2011","19.6%","","18 to 24"
"24","Maryland","2011","17.4%","","25 to 34"
"24","Maryland","2011","14.1%","","35 to 44"
"24","Maryland","2011","10.2%","","45 to 54"
"24","Maryland","2011","12.9%","","55 to 64"
"24","Maryland","2011","11.3%","","65 or older"
"24","Maryland","2012","21.2%","","18 to 24"
"24","Maryland","2012","15.2%","","25 to 34"
"24","Maryland","2012","14.1%","","35 to 44"
"24","Maryland","2012","11.7%","","45 to 54"
"24","Maryland","2012","11.1%","","55 to 64"
"24","Maryland","2012","9.7%","","65 or older"
"24","Maryland","2013","21.0%","","18 to 24"
"24","Maryland","2013","16.3%","","25 to 34"
"24","Maryland","2013","13.8%","","35 to 44"
"24","Maryland","2013","12.4%","","45 to 54"
"24","Maryland","2013","12.6%","","55 to 64"
"24","Maryland","2013","9.8%","","65 or older"
"24","Maryland","2014","23.9%","","18 to 24"
"24","Maryland","2014","14.9%","","25 to 34"
"24","Maryland","2014","11.8%","","35 to 44"
"24","Maryland","2014","10.2%","","45 to 54"
"24","Maryland","2014","11.8%","","55 to 64"
"24","Maryland","2014","11.4%","","65 or older"
"24","Maryland","2015","13.7%","","18 to 24"
"24","Maryland","2015","18.2%","","25 to 34"
"24","Maryland","2015","12.6%","","35 to 44"
"24","Maryland","2015","13.3%","","45 to 54"
"24","Maryland","2015","13.4%","","55 to 64"
"24","Maryland","2015","12.0%","","65 or older"
"24","Maryland","2016","18.4%","","18 to 24"
"24","Maryland","2016","14.3%","","25 to 34"
"24","Maryland","2016","13.9%","","35 to 44"
"24","Maryland","2016","13.2%","","45 to 54"
"24","Maryland","2016","14.0%","","55 to 64"
"24","Maryland","2016","12.0%","","65 or older"
"25","Massachusetts","2011","21.2%","","18 to 24"
"25","Massachusetts","2011","18.5%","","25 to 34"
"25","Massachusetts","2011","15.0%","","35 to 44"
"25","Massachusetts","2011","14.2%","","45 to 54"
"25","Massachusetts","2011","13.4%","","55 to 64"
"25","Massachusetts","2011","11.9%","","65 or older"
"25","Massachusetts","2012","19.9%","","18 to 24"
"25","Massachusetts","2012","19.4%","","25 to 34"
"25","Massachusetts","2012","14.8%","","35 to 44"
"25","Massachusetts","2012","13.9%","","45 to 54"
"25","Massachusetts","2012","14.3%","","55 to 64"
"25","Massachusetts","2012","12.6%","","65 or older"
"25","Massachusetts","2013","27.6%","","18 to 24"
"25","Massachusetts","2013","17.0%","","25 to 34"
"25","Massachusetts","2013","16.3%","","35 to 44"
"25","Massachusetts","2013","14.8%","","45 to 54"
"25","Massachusetts","2013","14.9%","","55 to 64"
"25","Massachusetts","2013","12.8%","","65 or older"
"25","Massachusetts","2014","22.1%","","18 to 24"
"25","Massachusetts","2014","21.8%","","25 to 34"
"25","Massachusetts","2014","16.6%","","35 to 44"
"25","Massachusetts","2014","16.7%","","45 to 54"
"25","Massachusetts","2014","16.2%","","55 to 64"
"25","Massachusetts","2014","14.4%","","65 or older"
"25","Massachusetts","2015","20.9%","","18 to 24"
"25","Massachusetts","2015","17.3%","","25 to 34"
"25","Massachusetts","2015","14.8%","","35 to 44"
"25","Massachusetts","2015","15.9%","","45 to 54"
"25","Massachusetts","2015","14.4%","","55 to 64"
"25","Massachusetts","2015","11.9%","","65 or older"
"25","Massachusetts","2016","19.1%","","18 to 24"
"25","Massachusetts","2016","15.8%","","25 to 34"
"25","Massachusetts","2016","16.3%","","35 to 44"
"25","Massachusetts","2016","15.7%","","45 to 54"
"25","Massachusetts","2016","14.1%","","55 to 64"
"25","Massachusetts","2016","12.6%","","65 or older"
"26","Michigan","2011","17.9%","","18 to 24"
"26","Michigan","2011","16.8%","","25 to 34"
"26","Michigan","2011","14.2%","","35 to 44"
"26","Michigan","2011","14.6%","","45 to 54"
"26","Michigan","2011","13.9%","","55 to 64"
"26","Michigan","2011","12.4%","","65 or older"
"26","Michigan","2012","23.4%","","18 to 24"
"26","Michigan","2012","17.9%","","25 to 34"
"26","Michigan","2012","15.0%","","35 to 44"
"26","Michigan","2012","14.9%","","45 to 54"
"26","Michigan","2012","13.5%","","55 to 64"
"26","Michigan","2012","11.4%","","65 or older"
"26","Michigan","2013","22.8%","","18 to 24"
"26","Michigan","2013","18.3%","","25 to 34"
"26","Michigan","2013","16.9%","","35 to 44"
"26","Michigan","2013","14.4%","","45 to 54"
"26","Michigan","2013","16.9%","","55 to 64"
"26","Michigan","2013","12.9%","","65 or older"
"26","Michigan","2014","16.7%","","18 to 24"
"26","Michigan","2014","18.8%","","25 to 34"
"26","Michigan","2014","13.5%","","35 to 44"
"26","Michigan","2014","16.2%","","45 to 54"
"26","Michigan","2014","16.0%","","55 to 64"
"26","Michigan","2014","11.7%","","65 or older"
"26","Michigan","2015","21.3%","","18 to 24"
"26","Michigan","2015","19.2%","","25 to 34"
"26","Michigan","2015","16.4%","","35 to 44"
"26","Michigan","2015","15.5%","","45 to 54"
"26","Michigan","2015","13.2%","","55 to 64"
"26","Michigan","2015","11.9%","","65 or older"
"26","Michigan","2016","24.0%","","18 to 24"
"26","Michigan","2016","17.4%","","25 to 34"
"26","Michigan","2016","17.1%","","35 to 44"
"26","Michigan","2016","15.1%","","45 to 54"
"26","Michigan","2016","15.0%","","55 to 64"
"26","Michigan","2016","12.1%","","65 or older"
"27","Minnesota","2011","14.9%","","18 to 24"
"27","Minnesota","2011","15.3%","","25 to 34"
"27","Minnesota","2011","9.6%","","35 to 44"
"27","Minnesota","2011","8.1%","","45 to 54"
"27","Minnesota","2011","10.5%","","55 to 64"
"27","Minnesota","2011","8.2%","","65 or older"
"27","Minnesota","2012","14.5%","","18 to 24"
"27","Minnesota","2012","13.6%","","25 to 34"
"27","Minnesota","2012","11.5%","","35 to 44"
"27","Minnesota","2012","9.5%","","45 to 54"
"27","Minnesota","2012","11.3%","","55 to 64"
"27","Minnesota","2012","8.6%","","65 or older"
"27","Minnesota","2013","20.1%","","18 to 24"
"27","Minnesota","2013","12.8%","","25 to 34"
"27","Minnesota","2013","11.1%","","35 to 44"
"27","Minnesota","2013","10.8%","","45 to 54"
"27","Minnesota","2013","9.5%","","55 to 64"
"27","Minnesota","2013","9.5%","","65 or older"
"27","Minnesota","2014","16.7%","","18 to 24"
"27","Minnesota","2014","13.1%","","25 to 34"
"27","Minnesota","2014","11.6%","","35 to 44"
"27","Minnesota","2014","11.2%","","45 to 54"
"27","Minnesota","2014","10.6%","","55 to 64"
"27","Minnesota","2014","9.6%","","65 or older"
"27","Minnesota","2015","15.3%","","18 to 24"
"27","Minnesota","2015","13.3%","","25 to 34"
"27","Minnesota","2015","11.0%","","35 to 44"
"27","Minnesota","2015","10.4%","","45 to 54"
"27","Minnesota","2015","8.7%","","55 to 64"
"27","Minnesota","2015","9.4%","","65 or older"
"27","Minnesota","2016","16.6%","","18 to 24"
"27","Minnesota","2016","12.2%","","25 to 34"
"27","Minnesota","2016","12.5%","","35 to 44"
"27","Minnesota","2016","9.1%","","45 to 54"
"27","Minnesota","2016","9.9%","","55 to 64"
"27","Minnesota","2016","8.8%","","65 or older"
"28","Mississippi","2011","16.3%","","18 to 24"
"28","Mississippi","2011","12.4%","","25 to 34"
"28","Mississippi","2011","11.5%","","35 to 44"
"28","Mississippi","2011","11.5%","","45 to 54"
"28","Mississippi","2011","12.2%","","55 to 64"
"28","Mississippi","2011","11.4%","","65 or older"
"28","Mississippi","2012","12.2%","","18 to 24"
"28","Mississippi","2012","11.6%","","25 to 34"
"28","Mississippi","2012","10.8%","","35 to 44"
"28","Mississippi","2012","12.1%","","45 to 54"
"28","Mississippi","2012","14.9%","","55 to 64"
"28","Mississippi","2012","9.3%","","65 or older"
"28","Mississippi","2013","15.9%","","18 to 24"
"28","Mississippi","2013","11.0%","","25 to 34"
"28","Mississippi","2013","13.8%","","35 to 44"
"28","Mississippi","2013","11.7%","","45 to 54"
"28","Mississippi","2013","12.1%","","55 to 64"
"28","Mississippi","2013","11.4%","","65 or older"
"28","Mississippi","2014","14.2%","","18 to 24"
"28","Mississippi","2014","14.8%","","25 to 34"
"28","Mississippi","2014","14.7%","","35 to 44"
"28","Mississippi","2014","11.7%","","45 to 54"
"28","Mississippi","2014","10.9%","","55 to 64"
"28","Mississippi","2014","9.8%","","65 or older"
"28","Mississippi","2015","17.2%","","18 to 24"
"28","Mississippi","2015","10.1%","","25 to 34"
"28","Mississippi","2015","14.9%","","35 to 44"
"28","Mississippi","2015","12.8%","","45 to 54"
"28","Mississippi","2015","10.8%","","55 to 64"
"28","Mississippi","2015","9.0%","","65 or older"
"28","Mississippi","2016","15.1%","","18 to 24"
"28","Mississippi","2016","13.8%","","25 to 34"
"28","Mississippi","2016","11.3%","","35 to 44"
"28","Mississippi","2016","14.3%","","45 to 54"
"28","Mississippi","2016","12.7%","","55 to 64"
"28","Mississippi","2016","10.3%","","65 or older"
"29","Missouri","2011","19.1%","","18 to 24"
"29","Missouri","2011","17.0%","","25 to 34"
"29","Missouri","2011","11.9%","","35 to 44"
"29","Missouri","2011","11.6%","","45 to 54"
"29","Missouri","2011","14.3%","","55 to 64"
"29","Missouri","2011","11.1%","","65 or older"
"29","Missouri","2012","16.8%","","18 to 24"
"29","Missouri","2012","16.6%","","25 to 34"
"29","Missouri","2012","13.8%","","35 to 44"
"29","Missouri","2012","14.3%","","45 to 54"
"29","Missouri","2012","14.7%","","55 to 64"
"29","Missouri","2012","11.5%","","65 or older"
"29","Missouri","2013","23.2%","","18 to 24"
"29","Missouri","2013","15.5%","","25 to 34"
"29","Missouri","2013","16.8%","","35 to 44"
"29","Missouri","2013","17.5%","","45 to 54"
"29","Missouri","2013","13.7%","","55 to 64"
"29","Missouri","2013","10.3%","","65 or older"
"29","Missouri","2014","17.5%","","18 to 24"
"29","Missouri","2014","18.9%","","25 to 34"
"29","Missouri","2014","15.5%","","35 to 44"
"29","Missouri","2014","12.8%","","45 to 54"
"29","Missouri","2014","13.8%","","55 to 64"
"29","Missouri","2014","10.6%","","65 or older"
"29","Missouri","2015","17.4%","","18 to 24"
"29","Missouri","2015","16.7%","","25 to 34"
"29","Missouri","2015","17.6%","","35 to 44"
"29","Missouri","2015","14.0%","","45 to 54"
"29","Missouri","2015","11.5%","","55 to 64"
"29","Missouri","2015","11.5%","","65 or older"
"29","Missouri","2016","23.3%","","18 to 24"
"29","Missouri","2016","15.2%","","25 to 34"
"29","Missouri","2016","11.9%","","35 to 44"
"29","Missouri","2016","14.3%","","45 to 54"
"29","Missouri","2016","13.3%","","55 to 64"
"29","Missouri","2016","11.8%","","65 or older"
"30","Montana","2011","16.7%","","18 to 24"
"30","Montana","2011","15.4%","","25 to 34"
"30","Montana","2011","14.0%","","35 to 44"
"30","Montana","2011","13.6%","","45 to 54"
"30","Montana","2011","12.2%","","55 to 64"
"30","Montana","2011","10.2%","","65 or older"
"30","Montana","2012","20.4%","","18 to 24"
"30","Montana","2012","15.2%","","25 to 34"
"30","Montana","2012","13.5%","","35 to 44"
"30","Montana","2012","12.4%","","45 to 54"
"30","Montana","2012","12.0%","","55 to 64"
"30","Montana","2012","11.7%","","65 or older"
"30","Montana","2013","19.1%","","18 to 24"
"30","Montana","2013","15.5%","","25 to 34"
"30","Montana","2013","12.7%","","35 to 44"
"30","Montana","2013","11.5%","","45 to 54"
"30","Montana","2013","12.2%","","55 to 64"
"30","Montana","2013","10.5%","","65 or older"
"30","Montana","2014","19.7%","","18 to 24"
"30","Montana","2014","13.6%","","25 to 34"
"30","Montana","2014","15.5%","","35 to 44"
"30","Montana","2014","12.2%","","45 to 54"
"30","Montana","2014","11.7%","","55 to 64"
"30","Montana","2014","10.8%","","65 or older"
"30","Montana","2015","15.0%","","18 to 24"
"30","Montana","2015","12.7%","","25 to 34"
"30","Montana","2015","13.6%","","35 to 44"
"30","Montana","2015","13.6%","","45 to 54"
"30","Montana","2015","13.8%","","55 to 64"
"30","Montana","2015","9.5%","","65 or older"
"30","Montana","2016","12.6%","","18 to 24"
"30","Montana","2016","14.1%","","25 to 34"
"30","Montana","2016","11.0%","","35 to 44"
"30","Montana","2016","15.0%","","45 to 54"
"30","Montana","2016","13.4%","","55 to 64"
"30","Montana","2016","11.5%","","65 or older"
"31","Nebraska","2011","15.5%","","18 to 24"
"31","Nebraska","2011","13.9%","","25 to 34"
"31","Nebraska","2011","10.7%","","35 to 44"
"31","Nebraska","2011","9.4%","","45 to 54"
"31","Nebraska","2011","10.5%","","55 to 64"
"31","Nebraska","2011","9.7%","","65 or older"
"31","Nebraska","2012","14.6%","","18 to 24"
"31","Nebraska","2012","11.8%","","25 to 34"
"31","Nebraska","2012","12.5%","","35 to 44"
"31","Nebraska","2012","9.2%","","45 to 54"
"31","Nebraska","2012","9.4%","","55 to 64"
"31","Nebraska","2012","8.7%","","65 or older"
"31","Nebraska","2013","16.3%","","18 to 24"
"31","Nebraska","2013","12.2%","","25 to 34"
"31","Nebraska","2013","9.9%","","35 to 44"
"31","Nebraska","2013","9.5%","","45 to 54"
"31","Nebraska","2013","11.3%","","55 to 64"
"31","Nebraska","2013","9.4%","","65 or older"
"31","Nebraska","2014","17.1%","","18 to 24"
"31","Nebraska","2014","14.3%","","25 to 34"
"31","Nebraska","2014","12.6%","","35 to 44"
"31","Nebraska","2014","9.4%","","45 to 54"
"31","Nebraska","2014","11.5%","","55 to 64"
"31","Nebraska","2014","9.7%","","65 or older"
"31","Nebraska","2015","17.2%","","18 to 24"
"31","Nebraska","2015","13.2%","","25 to 34"
"31","Nebraska","2015","12.2%","","35 to 44"
"31","Nebraska","2015","10.0%","","45 to 54"
"31","Nebraska","2015","11.0%","","55 to 64"
"31","Nebraska","2015","10.2%","","65 or older"
"31","Nebraska","2016","17.9%","","18 to 24"
"31","Nebraska","2016","15.5%","","25 to 34"
"31","Nebraska","2016","10.2%","","35 to 44"
"31","Nebraska","2016","10.5%","","45 to 54"
"31","Nebraska","2016","12.0%","","55 to 64"
"31","Nebraska","2016","10.0%","","65 or older"
"32","Nevada","2011","18.5%","","18 to 24"
"32","Nevada","2011","19.3%","","25 to 34"
"32","Nevada","2011","11.3%","","35 to 44"
"32","Nevada","2011","12.5%","","45 to 54"
"32","Nevada","2011","12.3%","","55 to 64"
"32","Nevada","2011","10.0%","","65 or older"
"32","Nevada","2012","13.0%","","18 to 24"
"32","Nevada","2012","12.7%","","25 to 34"
"32","Nevada","2012","8.4%","","35 to 44"
"32","Nevada","2012","11.8%","","45 to 54"
"32","Nevada","2012","13.7%","","55 to 64"
"32","Nevada","2012","11.2%","","65 or older"
"32","Nevada","2013","15.7%","","18 to 24"
"32","Nevada","2013","13.8%","","25 to 34"
"32","Nevada","2013","8.0%","","35 to 44"
"32","Nevada","2013","10.4%","","45 to 54"
"32","Nevada","2013","12.6%","","55 to 64"
"32","Nevada","2013","9.0%","","65 or older"
"32","Nevada","2014","14.7%","","18 to 24"
"32","Nevada","2014","9.3%","","25 to 34"
"32","Nevada","2014","11.2%","","35 to 44"
"32","Nevada","2014","14.7%","","45 to 54"
"32","Nevada","2014","13.6%","","55 to 64"
"32","Nevada","2014","11.5%","","65 or older"
"32","Nevada","2015","17.0%","","18 to 24"
"32","Nevada","2015","14.6%","","25 to 34"
"32","Nevada","2015","14.7%","","35 to 44"
"32","Nevada","2015","11.4%","","45 to 54"
"32","Nevada","2015","15.1%","","55 to 64"
"32","Nevada","2015","10.4%","","65 or older"
"32","Nevada","2016","14.1%","","18 to 24"
"32","Nevada","2016","12.2%","","25 to 34"
"32","Nevada","2016","9.7%","","35 to 44"
"32","Nevada","2016","8.7%","","45 to 54"
"32","Nevada","2016","13.9%","","55 to 64"
"32","Nevada","2016","12.4%","","65 or older"
"33","New Hampshire","2011","23.1%","","18 to 24"
"33","New Hampshire","2011","19.3%","","25 to 34"
"33","New Hampshire","2011","15.6%","","35 to 44"
"33","New Hampshire","2011","13.5%","","45 to 54"
"33","New Hampshire","2011","13.2%","","55 to 64"
"33","New Hampshire","2011","10.7%","","65 or older"
"33","New Hampshire","2012","19.1%","","18 to 24"
"33","New Hampshire","2012","17.5%","","25 to 34"
"33","New Hampshire","2012","13.9%","","35 to 44"
"33","New Hampshire","2012","12.5%","","45 to 54"
"33","New Hampshire","2012","13.7%","","55 to 64"
"33","New Hampshire","2012","10.5%","","65 or older"
"33","New Hampshire","2013","23.5%","","18 to 24"
"33","New Hampshire","2013","19.4%","","25 to 34"
"33","New Hampshire","2013","15.4%","","35 to 44"
"33","New Hampshire","2013","16.8%","","45 to 54"
"33","New Hampshire","2013","13.2%","","55 to 64"
"33","New Hampshire","2013","14.3%","","65 or older"
"33","New Hampshire","2014","16.6%","","18 to 24"
"33","New Hampshire","2014","16.7%","","25 to 34"
"33","New Hampshire","2014","16.1%","","35 to 44"
"33","New Hampshire","2014","13.2%","","45 to 54"
"33","New Hampshire","2014","12.0%","","55 to 64"
"33","New Hampshire","2014","12.1%","","65 or older"
"33","New Hampshire","2015","21.2%","","18 to 24"
"33","New Hampshire","2015","18.1%","","25 to 34"
"33","New Hampshire","2015","18.1%","","35 to 44"
"33","New Hampshire","2015","14.3%","","45 to 54"
"33","New Hampshire","2015","12.3%","","55 to 64"
"33","New Hampshire","2015","11.5%","","65 or older"
"33","New Hampshire","2016","24.6%","","18 to 24"
"33","New Hampshire","2016","18.5%","","25 to 34"
"33","New Hampshire","2016","20.1%","","35 to 44"
"33","New Hampshire","2016","15.2%","","45 to 54"
"33","New Hampshire","2016","13.6%","","55 to 64"
"33","New Hampshire","2016","11.5%","","65 or older"
"34","New Jersey","2011","21.9%","","18 to 24"
"34","New Jersey","2011","11.6%","","25 to 34"
"34","New Jersey","2011","11.9%","","35 to 44"
"34","New Jersey","2011","12.9%","","45 to 54"
"34","New Jersey","2011","12.5%","","55 to 64"
"34","New Jersey","2011","10.3%","","65 or older"
"34","New Jersey","2012","20.6%","","18 to 24"
"34","New Jersey","2012","13.1%","","25 to 34"
"34","New Jersey","2012","12.0%","","35 to 44"
"34","New Jersey","2012","10.5%","","45 to 54"
"34","New Jersey","2012","11.6%","","55 to 64"
"34","New Jersey","2012","9.8%","","65 or older"
"34","New Jersey","2013","21.5%","","18 to 24"
"34","New Jersey","2013","13.5%","","25 to 34"
"34","New Jersey","2013","13.2%","","35 to 44"
"34","New Jersey","2013","12.4%","","45 to 54"
"34","New Jersey","2013","12.2%","","55 to 64"
"34","New Jersey","2013","12.0%","","65 or older"
"34","New Jersey","2014","16.5%","","18 to 24"
"34","New Jersey","2014","14.6%","","25 to 34"
"34","New Jersey","2014","12.4%","","35 to 44"
"34","New Jersey","2014","9.9%","","45 to 54"
"34","New Jersey","2014","12.2%","","55 to 64"
"34","New Jersey","2014","10.8%","","65 or older"
"34","New Jersey","2015","13.2%","","18 to 24"
"34","New Jersey","2015","14.2%","","25 to 34"
"34","New Jersey","2015","11.8%","","35 to 44"
"34","New Jersey","2015","11.5%","","45 to 54"
"34","New Jersey","2015","9.7%","","55 to 64"
"34","New Jersey","2015","10.4%","","65 or older"
"34","New Jersey","2016","18.0%","","18 to 24"
"34","New Jersey","2016","11.0%","","25 to 34"
"34","New Jersey","2016","11.9%","","35 to 44"
"34","New Jersey","2016","10.3%","","45 to 54"
"34","New Jersey","2016","11.9%","","55 to 64"
"34","New Jersey","2016","11.3%","","65 or older"
"35","New Mexico","2011","20.8%","","18 to 24"
"35","New Mexico","2011","18.0%","","25 to 34"
"35","New Mexico","2011","14.6%","","35 to 44"
"35","New Mexico","2011","13.2%","","45 to 54"
"35","New Mexico","2011","14.8%","","55 to 64"
"35","New Mexico","2011","11.6%","","65 or older"
"35","New Mexico","2012","17.3%","","18 to 24"
"35","New Mexico","2012","12.3%","","25 to 34"
"35","New Mexico","2012","12.9%","","35 to 44"
"35","New Mexico","2012","11.4%","","45 to 54"
"35","New Mexico","2012","13.1%","","55 to 64"
"35","New Mexico","2012","13.8%","","65 or older"
"35","New Mexico","2013","18.8%","","18 to 24"
"35","New Mexico","2013","15.8%","","25 to 34"
"35","New Mexico","2013","13.8%","","35 to 44"
"35","New Mexico","2013","13.9%","","45 to 54"
"35","New Mexico","2013","15.1%","","55 to 64"
"35","New Mexico","2013","11.7%","","65 or older"
"35","New Mexico","2014","20.6%","","18 to 24"
"35","New Mexico","2014","15.7%","","25 to 34"
"35","New Mexico","2014","15.4%","","35 to 44"
"35","New Mexico","2014","12.6%","","45 to 54"
"35","New Mexico","2014","12.4%","","55 to 64"
"35","New Mexico","2014","11.8%","","65 or older"
"35","New Mexico","2015","22.0%","","18 to 24"
"35","New Mexico","2015","15.4%","","25 to 34"
"35","New Mexico","2015","13.9%","","35 to 44"
"35","New Mexico","2015","12.6%","","45 to 54"
"35","New Mexico","2015","14.9%","","55 to 64"
"35","New Mexico","2015","13.2%","","65 or older"
"35","New Mexico","2016","21.9%","","18 to 24"
"35","New Mexico","2016","19.5%","","25 to 34"
"35","New Mexico","2016","15.2%","","35 to 44"
"35","New Mexico","2016","16.4%","","45 to 54"
"35","New Mexico","2016","13.8%","","55 to 64"
"35","New Mexico","2016","13.3%","","65 or older"
"36","New York","2011","21.3%","","18 to 24"
"36","New York","2011","16.0%","","25 to 34"
"36","New York","2011","14.0%","","35 to 44"
"36","New York","2011","12.7%","","45 to 54"
"36","New York","2011","14.0%","","55 to 64"
"36","New York","2011","11.3%","","65 or older"
"36","New York","2012","21.0%","","18 to 24"
"36","New York","2012","15.7%","","25 to 34"
"36","New York","2012","11.1%","","35 to 44"
"36","New York","2012","11.8%","","45 to 54"
"36","New York","2012","11.3%","","55 to 64"
"36","New York","2012","13.9%","","65 or older"
"36","New York","2013","19.3%","","18 to 24"
"36","New York","2013","18.0%","","25 to 34"
"36","New York","2013","13.9%","","35 to 44"
"36","New York","2013","13.8%","","45 to 54"
"36","New York","2013","13.8%","","55 to 64"
"36","New York","2013","11.8%","","65 or older"
"36","New York","2014","18.3%","","18 to 24"
"36","New York","2014","18.3%","","25 to 34"
"36","New York","2014","14.3%","","35 to 44"
"36","New York","2014","13.3%","","45 to 54"
"36","New York","2014","13.6%","","55 to 64"
"36","New York","2014","13.5%","","65 or older"
"36","New York","2015","18.9%","","18 to 24"
"36","New York","2015","17.1%","","25 to 34"
"36","New York","2015","14.0%","","35 to 44"
"36","New York","2015","13.9%","","45 to 54"
"36","New York","2015","12.6%","","55 to 64"
"36","New York","2015","13.3%","","65 or older"
"36","New York","2016","14.8%","","18 to 24"
"36","New York","2016","14.3%","","25 to 34"
"36","New York","2016","14.5%","","35 to 44"
"36","New York","2016","12.8%","","45 to 54"
"36","New York","2016","14.3%","","55 to 64"
"36","New York","2016","12.7%","","65 or older"
"37","North Carolina","2011","20.6%","","18 to 24"
"37","North Carolina","2011","11.5%","","25 to 34"
"37","North Carolina","2011","12.3%","","35 to 44"
"37","North Carolina","2011","11.7%","","45 to 54"
"37","North Carolina","2011","13.8%","","55 to 64"
"37","North Carolina","2011","11.2%","","65 or older"
"37","North Carolina","2012","17.0%","","18 to 24"
"37","North Carolina","2012","11.2%","","25 to 34"
"37","North Carolina","2012","11.5%","","35 to 44"
"37","North Carolina","2012","11.9%","","45 to 54"
"37","North Carolina","2012","10.8%","","55 to 64"
"37","North Carolina","2012","9.5%","","65 or older"
"37","North Carolina","2013","19.1%","","18 to 24"
"37","North Carolina","2013","12.9%","","25 to 34"
"37","North Carolina","2013","11.9%","","35 to 44"
"37","North Carolina","2013","12.6%","","45 to 54"
"37","North Carolina","2013","13.8%","","55 to 64"
"37","North Carolina","2013","10.2%","","65 or older"
"37","North Carolina","2014","15.8%","","18 to 24"
"37","North Carolina","2014","10.7%","","25 to 34"
"37","North Carolina","2014","10.8%","","35 to 44"
"37","North Carolina","2014","9.5%","","45 to 54"
"37","North Carolina","2014","13.1%","","55 to 64"
"37","North Carolina","2014","10.5%","","65 or older"
"37","North Carolina","2015","22.7%","","18 to 24"
"37","North Carolina","2015","10.4%","","25 to 34"
"37","North Carolina","2015","12.2%","","35 to 44"
"37","North Carolina","2015","13.3%","","45 to 54"
"37","North Carolina","2015","12.0%","","55 to 64"
"37","North Carolina","2015","12.5%","","65 or older"
"37","North Carolina","2016","15.3%","","18 to 24"
"37","North Carolina","2016","14.6%","","25 to 34"
"37","North Carolina","2016","12.5%","","35 to 44"
"37","North Carolina","2016","11.1%","","45 to 54"
"37","North Carolina","2016","12.3%","","55 to 64"
"37","North Carolina","2016","10.8%","","65 or older"
"38","North Dakota","2011","18.6%","","18 to 24"
"38","North Dakota","2011","11.4%","","25 to 34"
"38","North Dakota","2011","10.7%","","35 to 44"
"38","North Dakota","2011","8.9%","","45 to 54"
"38","North Dakota","2011","9.2%","","55 to 64"
"38","North Dakota","2011","10.1%","","65 or older"
"38","North Dakota","2012","17.2%","","18 to 24"
"38","North Dakota","2012","11.1%","","25 to 34"
"38","North Dakota","2012","9.8%","","35 to 44"
"38","North Dakota","2012","6.7%","","45 to 54"
"38","North Dakota","2012","9.4%","","55 to 64"
"38","North Dakota","2012","10.2%","","65 or older"
"38","North Dakota","2013","14.0%","","18 to 24"
"38","North Dakota","2013","15.7%","","25 to 34"
"38","North Dakota","2013","13.8%","","35 to 44"
"38","North Dakota","2013","10.3%","","45 to 54"
"38","North Dakota","2013","11.3%","","55 to 64"
"38","North Dakota","2013","9.6%","","65 or older"
"38","North Dakota","2014","10.9%","","18 to 24"
"38","North Dakota","2014","17.0%","","25 to 34"
"38","North Dakota","2014","12.9%","","35 to 44"
"38","North Dakota","2014","8.0%","","45 to 54"
"38","North Dakota","2014","11.5%","","55 to 64"
"38","North Dakota","2014","11.8%","","65 or older"
"38","North Dakota","2015","14.6%","","18 to 24"
"38","North Dakota","2015","14.0%","","25 to 34"
"38","North Dakota","2015","12.4%","","35 to 44"
"38","North Dakota","2015","11.2%","","45 to 54"
"38","North Dakota","2015","12.7%","","55 to 64"
"38","North Dakota","2015","11.9%","","65 or older"
"38","North Dakota","2016","17.5%","","18 to 24"
"38","North Dakota","2016","13.7%","","25 to 34"
"38","North Dakota","2016","14.7%","","35 to 44"
"38","North Dakota","2016","12.6%","","45 to 54"
"38","North Dakota","2016","9.5%","","55 to 64"
"38","North Dakota","2016","10.2%","","65 or older"
"39","Ohio","2011","17.7%","","18 to 24"
"39","Ohio","2011","15.2%","","25 to 34"
"39","Ohio","2011","14.1%","","35 to 44"
"39","Ohio","2011","13.1%","","45 to 54"
"39","Ohio","2011","13.0%","","55 to 64"
"39","Ohio","2011","10.4%","","65 or older"
"39","Ohio","2012","21.6%","","18 to 24"
"39","Ohio","2012","13.3%","","25 to 34"
"39","Ohio","2012","14.7%","","35 to 44"
"39","Ohio","2012","12.5%","","45 to 54"
"39","Ohio","2012","13.4%","","55 to 64"
"39","Ohio","2012","11.1%","","65 or older"
"39","Ohio","2013","21.1%","","18 to 24"
"39","Ohio","2013","17.1%","","25 to 34"
"39","Ohio","2013","14.3%","","35 to 44"
"39","Ohio","2013","13.4%","","45 to 54"
"39","Ohio","2013","11.9%","","55 to 64"
"39","Ohio","2013","10.5%","","65 or older"
"39","Ohio","2014","19.2%","","18 to 24"
"39","Ohio","2014","17.5%","","25 to 34"
"39","Ohio","2014","14.4%","","35 to 44"
"39","Ohio","2014","14.9%","","45 to 54"
"39","Ohio","2014","14.1%","","55 to 64"
"39","Ohio","2014","12.2%","","65 or older"
"39","Ohio","2015","20.5%","","18 to 24"
"39","Ohio","2015","13.6%","","25 to 34"
"39","Ohio","2015","12.9%","","35 to 44"
"39","Ohio","2015","15.1%","","45 to 54"
"39","Ohio","2015","13.4%","","55 to 64"
"39","Ohio","2015","11.3%","","65 or older"
"39","Ohio","2016","18.2%","","18 to 24"
"39","Ohio","2016","16.0%","","25 to 34"
"39","Ohio","2016","13.5%","","35 to 44"
"39","Ohio","2016","15.8%","","45 to 54"
"39","Ohio","2016","11.9%","","55 to 64"
"39","Ohio","2016","11.1%","","65 or older"
"40","Oklahoma","2011","21.3%","","18 to 24"
"40","Oklahoma","2011","13.5%","","25 to 34"
"40","Oklahoma","2011","15.0%","","35 to 44"
"40","Oklahoma","2011","13.1%","","45 to 54"
"40","Oklahoma","2011","13.9%","","55 to 64"
"40","Oklahoma","2011","11.1%","","65 or older"
"40","Oklahoma","2012","17.2%","","18 to 24"
"40","Oklahoma","2012","16.3%","","25 to 34"
"40","Oklahoma","2012","12.2%","","35 to 44"
"40","Oklahoma","2012","12.7%","","45 to 54"
"40","Oklahoma","2012","14.5%","","55 to 64"
"40","Oklahoma","2012","12.1%","","65 or older"
"40","Oklahoma","2013","18.4%","","18 to 24"
"40","Oklahoma","2013","14.9%","","25 to 34"
"40","Oklahoma","2013","15.4%","","35 to 44"
"40","Oklahoma","2013","14.9%","","45 to 54"
"40","Oklahoma","2013","13.7%","","55 to 64"
"40","Oklahoma","2013","11.7%","","65 or older"
"40","Oklahoma","2014","16.9%","","18 to 24"
"40","Oklahoma","2014","16.6%","","25 to 34"
"40","Oklahoma","2014","12.8%","","35 to 44"
"40","Oklahoma","2014","14.8%","","45 to 54"
"40","Oklahoma","2014","13.7%","","55 to 64"
"40","Oklahoma","2014","12.0%","","65 or older"
"40","Oklahoma","2015","20.9%","","18 to 24"
"40","Oklahoma","2015","14.8%","","25 to 34"
"40","Oklahoma","2015","13.5%","","35 to 44"
"40","Oklahoma","2015","15.2%","","45 to 54"
"40","Oklahoma","2015","12.7%","","55 to 64"
"40","Oklahoma","2015","10.8%","","65 or older"
"40","Oklahoma","2016","16.4%","","18 to 24"
"40","Oklahoma","2016","16.5%","","25 to 34"
"40","Oklahoma","2016","14.1%","","35 to 44"
"40","Oklahoma","2016","13.6%","","45 to 54"
"40","Oklahoma","2016","13.2%","","55 to 64"
"40","Oklahoma","2016","11.5%","","65 or older"
"41","Oregon","2011","24.7%","","18 to 24"
"41","Oregon","2011","19.3%","","25 to 34"
"41","Oregon","2011","13.5%","","35 to 44"
"41","Oregon","2011","16.2%","","45 to 54"
"41","Oregon","2011","15.3%","","55 to 64"
"41","Oregon","2011","14.2%","","65 or older"
"41","Oregon","2012","24.2%","","18 to 24"
"41","Oregon","2012","22.8%","","25 to 34"
"41","Oregon","2012","12.5%","","35 to 44"
"41","Oregon","2012","15.2%","","45 to 54"
"41","Oregon","2012","16.8%","","55 to 64"
"41","Oregon","2012","12.9%","","65 or older"
"41","Oregon","2013","26.0%","","18 to 24"
"41","Oregon","2013","21.2%","","25 to 34"
"41","Oregon","2013","18.8%","","35 to 44"
"41","Oregon","2013","14.7%","","45 to 54"
"41","Oregon","2013","16.5%","","55 to 64"
"41","Oregon","2013","14.9%","","65 or older"
"41","Oregon","2014","22.3%","","18 to 24"
"41","Oregon","2014","17.9%","","25 to 34"
"41","Oregon","2014","16.9%","","35 to 44"
"41","Oregon","2014","17.4%","","45 to 54"
"41","Oregon","2014","14.5%","","55 to 64"
"41","Oregon","2014","13.0%","","65 or older"
"41","Oregon","2015","17.8%","","18 to 24"
"41","Oregon","2015","22.2%","","25 to 34"
"41","Oregon","2015","19.9%","","35 to 44"
"41","Oregon","2015","19.9%","","45 to 54"
"41","Oregon","2015","15.6%","","55 to 64"
"41","Oregon","2015","14.1%","","65 or older"
"41","Oregon","2016","25.2%","","18 to 24"
"41","Oregon","2016","19.3%","","25 to 34"
"41","Oregon","2016","15.4%","","35 to 44"
"41","Oregon","2016","18.1%","","45 to 54"
"41","Oregon","2016","15.9%","","55 to 64"
"41","Oregon","2016","13.0%","","65 or older"
"42","Pennsylvania","2011","18.8%","","18 to 24"
"42","Pennsylvania","2011","16.6%","","25 to 34"
"42","Pennsylvania","2011","12.7%","","35 to 44"
"42","Pennsylvania","2011","11.6%","","45 to 54"
"42","Pennsylvania","2011","11.0%","","55 to 64"
"42","Pennsylvania","2011","9.7%","","65 or older"
"42","Pennsylvania","2012","17.9%","","18 to 24"
"42","Pennsylvania","2012","15.4%","","25 to 34"
"42","Pennsylvania","2012","14.6%","","35 to 44"
"42","Pennsylvania","2012","12.8%","","45 to 54"
"42","Pennsylvania","2012","12.1%","","55 to 64"
"42","Pennsylvania","2012","10.6%","","65 or older"
"42","Pennsylvania","2013","18.8%","","18 to 24"
"42","Pennsylvania","2013","17.6%","","25 to 34"
"42","Pennsylvania","2013","13.5%","","35 to 44"
"42","Pennsylvania","2013","14.6%","","45 to 54"
"42","Pennsylvania","2013","13.0%","","55 to 64"
"42","Pennsylvania","2013","10.3%","","65 or older"
"42","Pennsylvania","2014","21.4%","","18 to 24"
"42","Pennsylvania","2014","15.4%","","25 to 34"
"42","Pennsylvania","2014","15.2%","","35 to 44"
"42","Pennsylvania","2014","14.7%","","45 to 54"
"42","Pennsylvania","2014","12.9%","","55 to 64"
"42","Pennsylvania","2014","10.2%","","65 or older"
"42","Pennsylvania","2015","21.2%","","18 to 24"
"42","Pennsylvania","2015","17.9%","","25 to 34"
"42","Pennsylvania","2015","16.3%","","35 to 44"
"42","Pennsylvania","2015","14.2%","","45 to 54"
"42","Pennsylvania","2015","13.3%","","55 to 64"
"42","Pennsylvania","2015","10.5%","","65 or older"
"42","Pennsylvania","2016","18.7%","","18 to 24"
"42","Pennsylvania","2016","17.9%","","25 to 34"
"42","Pennsylvania","2016","16.1%","","35 to 44"
"42","Pennsylvania","2016","15.9%","","45 to 54"
"42","Pennsylvania","2016","14.4%","","55 to 64"
"42","Pennsylvania","2016","9.3%","","65 or older"
"44","Rhode Island","2011","18.2%","","18 to 24"
"44","Rhode Island","2011","22.3%","","25 to 34"
"44","Rhode Island","2011","16.4%","","35 to 44"
"44","Rhode Island","2011","15.3%","","45 to 54"
"44","Rhode Island","2011","14.5%","","55 to 64"
"44","Rhode Island","2011","12.8%","","65 or older"
"44","Rhode Island","2012","19.7%","","18 to 24"
"44","Rhode Island","2012","18.1%","","25 to 34"
"44","Rhode Island","2012","17.8%","","35 to 44"
"44","Rhode Island","2012","15.5%","","45 to 54"
"44","Rhode Island","2012","13.2%","","55 to 64"
"44","Rhode Island","2012","12.6%","","65 or older"
"44","Rhode Island","2013","23.4%","","18 to 24"
"44","Rhode Island","2013","20.5%","","25 to 34"
"44","Rhode Island","2013","14.7%","","35 to 44"
"44","Rhode Island","2013","17.4%","","45 to 54"
"44","Rhode Island","2013","17.1%","","55 to 64"
"44","Rhode Island","2013","12.9%","","65 or older"
"44","Rhode Island","2014","18.7%","","18 to 24"
"44","Rhode Island","2014","16.1%","","25 to 34"
"44","Rhode Island","2014","16.0%","","35 to 44"
"44","Rhode Island","2014","14.3%","","45 to 54"
"44","Rhode Island","2014","13.5%","","55 to 64"
"44","Rhode Island","2014","14.1%","","65 or older"
"44","Rhode Island","2015","17.7%","","18 to 24"
"44","Rhode Island","2015","19.4%","","25 to 34"
"44","Rhode Island","2015","17.8%","","35 to 44"
"44","Rhode Island","2015","14.5%","","45 to 54"
"44","Rhode Island","2015","15.8%","","55 to 64"
"44","Rhode Island","2015","12.4%","","65 or older"
"44","Rhode Island","2016","19.3%","","18 to 24"
"44","Rhode Island","2016","15.0%","","25 to 34"
"44","Rhode Island","2016","14.2%","","35 to 44"
"44","Rhode Island","2016","17.0%","","45 to 54"
"44","Rhode Island","2016","15.7%","","55 to 64"
"44","Rhode Island","2016","14.7%","","65 or older"
"45","South Carolina","2011","15.2%","","18 to 24"
"45","South Carolina","2011","12.3%","","25 to 34"
"45","South Carolina","2011","12.7%","","35 to 44"
"45","South Carolina","2011","12.2%","","45 to 54"
"45","South Carolina","2011","13.5%","","55 to 64"
"45","South Carolina","2011","12.5%","","65 or older"
"45","South Carolina","2012","19.0%","","18 to 24"
"45","South Carolina","2012","13.5%","","25 to 34"
"45","South Carolina","2012","11.7%","","35 to 44"
"45","South Carolina","2012","13.2%","","45 to 54"
"45","South Carolina","2012","13.1%","","55 to 64"
"45","South Carolina","2012","10.0%","","65 or older"
"45","South Carolina","2013","15.1%","","18 to 24"
"45","South Carolina","2013","14.6%","","25 to 34"
"45","South Carolina","2013","13.1%","","35 to 44"
"45","South Carolina","2013","11.8%","","45 to 54"
"45","South Carolina","2013","12.4%","","55 to 64"
"45","South Carolina","2013","13.7%","","65 or older"
"45","South Carolina","2014","16.4%","","18 to 24"
"45","South Carolina","2014","14.1%","","25 to 34"
"45","South Carolina","2014","13.5%","","35 to 44"
"45","South Carolina","2014","13.8%","","45 to 54"
"45","South Carolina","2014","11.8%","","55 to 64"
"45","South Carolina","2014","10.5%","","65 or older"
"45","South Carolina","2015","16.6%","","18 to 24"
"45","South Carolina","2015","13.1%","","25 to 34"
"45","South Carolina","2015","11.5%","","35 to 44"
"45","South Carolina","2015","13.2%","","45 to 54"
"45","South Carolina","2015","13.7%","","55 to 64"
"45","South Carolina","2015","11.5%","","65 or older"
"45","South Carolina","2016","15.9%","","18 to 24"
"45","South Carolina","2016","14.0%","","25 to 34"
"45","South Carolina","2016","12.4%","","35 to 44"
"45","South Carolina","2016","11.9%","","45 to 54"
"45","South Carolina","2016","14.6%","","55 to 64"
"45","South Carolina","2016","12.6%","","65 or older"
"46","South Dakota","2011","15.9%","","18 to 24"
"46","South Dakota","2011","11.6%","","25 to 34"
"46","South Dakota","2011","12.0%","","35 to 44"
"46","South Dakota","2011","9.4%","","45 to 54"
"46","South Dakota","2011","8.5%","","55 to 64"
"46","South Dakota","2011","10.9%","","65 or older"
"46","South Dakota","2012","18.0%","","18 to 24"
"46","South Dakota","2012","11.9%","","25 to 34"
"46","South Dakota","2012","8.7%","","35 to 44"
"46","South Dakota","2012","7.2%","","45 to 54"
"46","South Dakota","2012","11.7%","","55 to 64"
"46","South Dakota","2012","9.6%","","65 or older"
"46","South Dakota","2013","16.2%","","18 to 24"
"46","South Dakota","2013","14.4%","","25 to 34"
"46","South Dakota","2013","7.8%","","35 to 44"
"46","South Dakota","2013","10.9%","","45 to 54"
"46","South Dakota","2013","11.4%","","55 to 64"
"46","South Dakota","2013","10.8%","","65 or older"
"46","South Dakota","2014","14.8%","","18 to 24"
"46","South Dakota","2014","13.0%","","25 to 34"
"46","South Dakota","2014","10.4%","","35 to 44"
"46","South Dakota","2014","11.2%","","45 to 54"
"46","South Dakota","2014","9.0%","","55 to 64"
"46","South Dakota","2014","10.1%","","65 or older"
"46","South Dakota","2015","16.0%","","18 to 24"
"46","South Dakota","2015","14.5%","","25 to 34"
"46","South Dakota","2015","12.6%","","35 to 44"
"46","South Dakota","2015","11.0%","","45 to 54"
"46","South Dakota","2015","11.6%","","55 to 64"
"46","South Dakota","2015","10.7%","","65 or older"
"46","South Dakota","2016","8.8%","","18 to 24"
"46","South Dakota","2016","11.8%","","25 to 34"
"46","South Dakota","2016","8.0%","","35 to 44"
"46","South Dakota","2016","8.1%","","45 to 54"
"46","South Dakota","2016","9.7%","","55 to 64"
"46","South Dakota","2016","9.0%","","65 or older"
"47","Tennessee","2011","Suppressed","","18 to 24"
"47","Tennessee","2011","9.5%","","25 to 34"
"47","Tennessee","2011","12.2%","","35 to 44"
"47","Tennessee","2011","11.1%","","45 to 54"
"47","Tennessee","2011","11.5%","","55 to 64"
"47","Tennessee","2011","11.1%","","65 or older"
"47","Tennessee","2012","15.3%","","18 to 24"
"47","Tennessee","2012","9.9%","","25 to 34"
"47","Tennessee","2012","9.0%","","35 to 44"
"47","Tennessee","2012","12.8%","","45 to 54"
"47","Tennessee","2012","10.2%","","55 to 64"
"47","Tennessee","2012","9.8%","","65 or older"
"47","Tennessee","2013","8.4%","","18 to 24"
"47","Tennessee","2013","14.1%","","25 to 34"
"47","Tennessee","2013","9.4%","","35 to 44"
"47","Tennessee","2013","13.3%","","45 to 54"
"47","Tennessee","2013","10.9%","","55 to 64"
"47","Tennessee","2013","10.4%","","65 or older"
"47","Tennessee","2014","23.6%","","18 to 24"
"47","Tennessee","2014","11.8%","","25 to 34"
"47","Tennessee","2014","14.3%","","35 to 44"
"47","Tennessee","2014","12.7%","","45 to 54"
"47","Tennessee","2014","14.5%","","55 to 64"
"47","Tennessee","2014","12.0%","","65 or older"
"47","Tennessee","2015","14.7%","","18 to 24"
"47","Tennessee","2015","14.9%","","25 to 34"
"47","Tennessee","2015","15.1%","","35 to 44"
"47","Tennessee","2015","15.8%","","45 to 54"
"47","Tennessee","2015","13.6%","","55 to 64"
"47","Tennessee","2015","13.1%","","65 or older"
"47","Tennessee","2016","18.2%","","18 to 24"
"47","Tennessee","2016","18.7%","","25 to 34"
"47","Tennessee","2016","16.5%","","35 to 44"
"47","Tennessee","2016","15.6%","","45 to 54"
"47","Tennessee","2016","15.9%","","55 to 64"
"47","Tennessee","2016","13.5%","","65 or older"
"48","Texas","2011","13.1%","","18 to 24"
"48","Texas","2011","12.1%","","25 to 34"
"48","Texas","2011","11.9%","","35 to 44"
"48","Texas","2011","12.3%","","45 to 54"
"48","Texas","2011","12.8%","","55 to 64"
"48","Texas","2011","11.7%","","65 or older"
"48","Texas","2012","12.9%","","18 to 24"
"48","Texas","2012","11.3%","","25 to 34"
"48","Texas","2012","9.8%","","35 to 44"
"48","Texas","2012","9.8%","","45 to 54"
"48","Texas","2012","12.4%","","55 to 64"
"48","Texas","2012","10.2%","","65 or older"
"48","Texas","2013","17.3%","","18 to 24"
"48","Texas","2013","13.9%","","25 to 34"
"48","Texas","2013","11.3%","","35 to 44"
"48","Texas","2013","10.5%","","45 to 54"
"48","Texas","2013","10.9%","","55 to 64"
"48","Texas","2013","11.7%","","65 or older"
"48","Texas","2014","14.3%","","18 to 24"
"48","Texas","2014","10.4%","","25 to 34"
"48","Texas","2014","8.7%","","35 to 44"
"48","Texas","2014","10.0%","","45 to 54"
"48","Texas","2014","12.6%","","55 to 64"
"48","Texas","2014","11.3%","","65 or older"
"48","Texas","2015","18.0%","","18 to 24"
"48","Texas","2015","12.3%","","25 to 34"
"48","Texas","2015","8.8%","","35 to 44"
"48","Texas","2015","10.4%","","45 to 54"
"48","Texas","2015","12.1%","","55 to 64"
"48","Texas","2015","11.8%","","65 or older"
"48","Texas","2016","15.6%","","18 to 24"
"48","Texas","2016","13.3%","","25 to 34"
"48","Texas","2016","11.8%","","35 to 44"
"48","Texas","2016","12.0%","","45 to 54"
"48","Texas","2016","9.8%","","55 to 64"
"48","Texas","2016","13.2%","","65 or older"
"49","Utah","2011","18.2%","","18 to 24"
"49","Utah","2011","13.6%","","25 to 34"
"49","Utah","2011","11.4%","","35 to 44"
"49","Utah","2011","11.6%","","45 to 54"
"49","Utah","2011","13.6%","","55 to 64"
"49","Utah","2011","12.2%","","65 or older"
"49","Utah","2012","16.4%","","18 to 24"
"49","Utah","2012","11.8%","","25 to 34"
"49","Utah","2012","12.3%","","35 to 44"
"49","Utah","2012","12.9%","","45 to 54"
"49","Utah","2012","12.8%","","55 to 64"
"49","Utah","2012","11.6%","","65 or older"
"49","Utah","2013","16.3%","","18 to 24"
"49","Utah","2013","13.6%","","25 to 34"
"49","Utah","2013","12.6%","","35 to 44"
"49","Utah","2013","15.1%","","45 to 54"
"49","Utah","2013","14.6%","","55 to 64"
"49","Utah","2013","12.8%","","65 or older"
"49","Utah","2014","16.1%","","18 to 24"
"49","Utah","2014","14.2%","","25 to 34"
"49","Utah","2014","12.2%","","35 to 44"
"49","Utah","2014","13.4%","","45 to 54"
"49","Utah","2014","12.1%","","55 to 64"
"49","Utah","2014","12.5%","","65 or older"
"49","Utah","2015","17.5%","","18 to 24"
"49","Utah","2015","13.6%","","25 to 34"
"49","Utah","2015","12.0%","","35 to 44"
"49","Utah","2015","14.4%","","45 to 54"
"49","Utah","2015","12.8%","","55 to 64"
"49","Utah","2015","13.9%","","65 or older"
"49","Utah","2016","17.4%","","18 to 24"
"49","Utah","2016","13.3%","","25 to 34"
"49","Utah","2016","12.6%","","35 to 44"
"49","Utah","2016","12.2%","","45 to 54"
"49","Utah","2016","14.7%","","55 to 64"
"49","Utah","2016","13.2%","","65 or older"
"50","Vermont","2011","24.2%","","18 to 24"
"50","Vermont","2011","16.6%","","25 to 34"
"50","Vermont","2011","18.8%","","35 to 44"
"50","Vermont","2011","13.5%","","45 to 54"
"50","Vermont","2011","13.2%","","55 to 64"
"50","Vermont","2011","12.1%","","65 or older"
"50","Vermont","2012","24.9%","","18 to 24"
"50","Vermont","2012","15.6%","","25 to 34"
"50","Vermont","2012","17.2%","","35 to 44"
"50","Vermont","2012","12.4%","","45 to 54"
"50","Vermont","2012","12.9%","","55 to 64"
"50","Vermont","2012","10.9%","","65 or older"
"50","Vermont","2013","25.9%","","18 to 24"
"50","Vermont","2013","18.1%","","25 to 34"
"50","Vermont","2013","17.8%","","35 to 44"
"50","Vermont","2013","15.0%","","45 to 54"
"50","Vermont","2013","12.9%","","55 to 64"
"50","Vermont","2013","12.7%","","65 or older"
"50","Vermont","2014","20.0%","","18 to 24"
"50","Vermont","2014","22.6%","","25 to 34"
"50","Vermont","2014","16.8%","","35 to 44"
"50","Vermont","2014","15.1%","","45 to 54"
"50","Vermont","2014","14.4%","","55 to 64"
"50","Vermont","2014","13.4%","","65 or older"
"50","Vermont","2015","20.8%","","18 to 24"
"50","Vermont","2015","19.7%","","25 to 34"
"50","Vermont","2015","18.4%","","35 to 44"
"50","Vermont","2015","17.5%","","45 to 54"
"50","Vermont","2015","11.9%","","55 to 64"
"50","Vermont","2015","12.7%","","65 or older"
"50","Vermont","2016","18.7%","","18 to 24"
"50","Vermont","2016","19.0%","","25 to 34"
"50","Vermont","2016","17.9%","","35 to 44"
"50","Vermont","2016","14.1%","","45 to 54"
"50","Vermont","2016","14.3%","","55 to 64"
"50","Vermont","2016","12.1%","","65 or older"
"51","Virginia","2011","15.0%","","18 to 24"
"51","Virginia","2011","11.7%","","25 to 34"
"51","Virginia","2011","13.1%","","35 to 44"
"51","Virginia","2011","12.8%","","45 to 54"
"51","Virginia","2011","13.3%","","55 to 64"
"51","Virginia","2011","10.7%","","65 or older"
"51","Virginia","2012","16.8%","","18 to 24"
"51","Virginia","2012","14.2%","","25 to 34"
"51","Virginia","2012","11.8%","","35 to 44"
"51","Virginia","2012","12.9%","","45 to 54"
"51","Virginia","2012","15.0%","","55 to 64"
"51","Virginia","2012","10.8%","","65 or older"
"51","Virginia","2013","18.0%","","18 to 24"
"51","Virginia","2013","14.2%","","25 to 34"
"51","Virginia","2013","12.3%","","35 to 44"
"51","Virginia","2013","13.6%","","45 to 54"
"51","Virginia","2013","13.8%","","55 to 64"
"51","Virginia","2013","10.5%","","65 or older"
"51","Virginia","2014","17.7%","","18 to 24"
"51","Virginia","2014","12.2%","","25 to 34"
"51","Virginia","2014","11.7%","","35 to 44"
"51","Virginia","2014","12.2%","","45 to 54"
"51","Virginia","2014","11.7%","","55 to 64"
"51","Virginia","2014","11.8%","","65 or older"
"51","Virginia","2015","18.1%","","18 to 24"
"51","Virginia","2015","12.3%","","25 to 34"
"51","Virginia","2015","12.4%","","35 to 44"
"51","Virginia","2015","9.6%","","45 to 54"
"51","Virginia","2015","12.3%","","55 to 64"
"51","Virginia","2015","11.0%","","65 or older"
"51","Virginia","2016","16.2%","","18 to 24"
"51","Virginia","2016","14.4%","","25 to 34"
"51","Virginia","2016","14.0%","","35 to 44"
"51","Virginia","2016","12.1%","","45 to 54"
"51","Virginia","2016","12.9%","","55 to 64"
"51","Virginia","2016","11.0%","","65 or older"
"53","Washington","2011","14.2%","","18 to 24"
"53","Washington","2011","15.3%","","25 to 34"
"53","Washington","2011","15.2%","","35 to 44"
"53","Washington","2011","13.5%","","45 to 54"
"53","Washington","2011","15.4%","","55 to 64"
"53","Washington","2011","12.6%","","65 or older"
"53","Washington","2012","17.5%","","18 to 24"
"53","Washington","2012","15.6%","","25 to 34"
"53","Washington","2012","14.0%","","35 to 44"
"53","Washington","2012","14.2%","","45 to 54"
"53","Washington","2012","15.5%","","55 to 64"
"53","Washington","2012","14.2%","","65 or older"
"53","Washington","2013","20.2%","","18 to 24"
"53","Washington","2013","16.6%","","25 to 34"
"53","Washington","2013","15.0%","","35 to 44"
"53","Washington","2013","15.5%","","45 to 54"
"53","Washington","2013","15.8%","","55 to 64"
"53","Washington","2013","13.6%","","65 or older"
"53","Washington","2014","21.0%","","18 to 24"
"53","Washington","2014","14.7%","","25 to 34"
"53","Washington","2014","13.9%","","35 to 44"
"53","Washington","2014","14.5%","","45 to 54"
"53","Washington","2014","13.7%","","55 to 64"
"53","Washington","2014","13.2%","","65 or older"
"53","Washington","2015","19.0%","","18 to 24"
"53","Washington","2015","14.6%","","25 to 34"
"53","Washington","2015","13.1%","","35 to 44"
"53","Washington","2015","14.8%","","45 to 54"
"53","Washington","2015","15.1%","","55 to 64"
"53","Washington","2015","13.7%","","65 or older"
"53","Washington","2016","17.9%","","18 to 24"
"53","Washington","2016","16.5%","","25 to 34"
"53","Washington","2016","14.8%","","35 to 44"
"53","Washington","2016","15.1%","","45 to 54"
"53","Washington","2016","14.5%","","55 to 64"
"53","Washington","2016","12.3%","","65 or older"
"54","West Virginia","2011","17.8%","","18 to 24"
"54","West Virginia","2011","11.6%","","25 to 34"
"54","West Virginia","2011","12.1%","","35 to 44"
"54","West Virginia","2011","12.4%","","45 to 54"
"54","West Virginia","2011","10.5%","","55 to 64"
"54","West Virginia","2011","9.8%","","65 or older"
"54","West Virginia","2012","11.9%","","18 to 24"
"54","West Virginia","2012","15.1%","","25 to 34"
"54","West Virginia","2012","14.0%","","35 to 44"
"54","West Virginia","2012","12.3%","","45 to 54"
"54","West Virginia","2012","11.7%","","55 to 64"
"54","West Virginia","2012","12.0%","","65 or older"
"54","West Virginia","2013","19.7%","","18 to 24"
"54","West Virginia","2013","14.7%","","25 to 34"
"54","West Virginia","2013","14.0%","","35 to 44"
"54","West Virginia","2013","11.6%","","45 to 54"
"54","West Virginia","2013","13.0%","","55 to 64"
"54","West Virginia","2013","11.6%","","65 or older"
"54","West Virginia","2014","18.0%","","18 to 24"
"54","West Virginia","2014","16.3%","","25 to 34"
"54","West Virginia","2014","14.7%","","35 to 44"
"54","West Virginia","2014","14.2%","","45 to 54"
"54","West Virginia","2014","14.3%","","55 to 64"
"54","West Virginia","2014","12.1%","","65 or older"
"54","West Virginia","2015","15.1%","","18 to 24"
"54","West Virginia","2015","16.4%","","25 to 34"
"54","West Virginia","2015","15.6%","","35 to 44"
"54","West Virginia","2015","14.6%","","45 to 54"
"54","West Virginia","2015","15.1%","","55 to 64"
"54","West Virginia","2015","14.3%","","65 or older"
"54","West Virginia","2016","20.9%","","18 to 24"
"54","West Virginia","2016","16.4%","","25 to 34"
"54","West Virginia","2016","18.0%","","35 to 44"
"54","West Virginia","2016","16.4%","","45 to 54"
"54","West Virginia","2016","15.1%","","55 to 64"
"54","West Virginia","2016","13.3%","","65 or older"
"55","Wisconsin","2011","15.7%","","18 to 24"
"55","Wisconsin","2011","11.1%","","25 to 34"
"55","Wisconsin","2011","14.0%","","35 to 44"
"55","Wisconsin","2011","10.7%","","45 to 54"
"55","Wisconsin","2011","9.6%","","55 to 64"
"55","Wisconsin","2011","11.6%","","65 or older"
"55","Wisconsin","2012","12.9%","","18 to 24"
"55","Wisconsin","2012","12.7%","","25 to 34"
"55","Wisconsin","2012","11.8%","","35 to 44"
"55","Wisconsin","2012","9.1%","","45 to 54"
"55","Wisconsin","2012","11.8%","","55 to 64"
"55","Wisconsin","2012","9.2%","","65 or older"
"55","Wisconsin","2013","25.7%","","18 to 24"
"55","Wisconsin","2013","14.5%","","25 to 34"
"55","Wisconsin","2013","14.5%","","35 to 44"
"55","Wisconsin","2013","12.5%","","45 to 54"
"55","Wisconsin","2013","13.0%","","55 to 64"
"55","Wisconsin","2013","12.5%","","65 or older"
"55","Wisconsin","2014","16.7%","","18 to 24"
"55","Wisconsin","2014","14.4%","","25 to 34"
"55","Wisconsin","2014","11.5%","","35 to 44"
"55","Wisconsin","2014","11.9%","","45 to 54"
"55","Wisconsin","2014","13.5%","","55 to 64"
"55","Wisconsin","2014","9.7%","","65 or older"
"55","Wisconsin","2015","20.3%","","18 to 24"
"55","Wisconsin","2015","14.8%","","25 to 34"
"55","Wisconsin","2015","13.6%","","35 to 44"
"55","Wisconsin","2015","12.4%","","45 to 54"
"55","Wisconsin","2015","9.7%","","55 to 64"
"55","Wisconsin","2015","9.9%","","65 or older"
"55","Wisconsin","2016","15.5%","","18 to 24"
"55","Wisconsin","2016","11.3%","","25 to 34"
"55","Wisconsin","2016","11.4%","","35 to 44"
"55","Wisconsin","2016","12.4%","","45 to 54"
"55","Wisconsin","2016","11.7%","","55 to 64"
"55","Wisconsin","2016","10.5%","","65 or older"
"56","Wyoming","2011","19.6%","","18 to 24"
"56","Wyoming","2011","15.4%","","25 to 34"
"56","Wyoming","2011","12.2%","","35 to 44"
"56","Wyoming","2011","13.4%","","45 to 54"
"56","Wyoming","2011","10.2%","","55 to 64"
"56","Wyoming","2011","10.4%","","65 or older"
"56","Wyoming","2012","13.3%","","18 to 24"
"56","Wyoming","2012","15.0%","","25 to 34"
"56","Wyoming","2012","11.0%","","35 to 44"
"56","Wyoming","2012","12.2%","","45 to 54"
"56","Wyoming","2012","11.3%","","55 to 64"
"56","Wyoming","2012","11.2%","","65 or older"
"56","Wyoming","2013","15.7%","","18 to 24"
"56","Wyoming","2013","16.6%","","25 to 34"
"56","Wyoming","2013","13.8%","","35 to 44"
"56","Wyoming","2013","14.9%","","45 to 54"
"56","Wyoming","2013","12.3%","","55 to 64"
"56","Wyoming","2013","12.0%","","65 or older"
"56","Wyoming","2014","10.8%","","18 to 24"
"56","Wyoming","2014","14.6%","","25 to 34"
"56","Wyoming","2014","11.1%","","35 to 44"
"56","Wyoming","2014","12.0%","","45 to 54"
"56","Wyoming","2014","11.7%","","55 to 64"
"56","Wyoming","2014","11.6%","","65 or older"
"56","Wyoming","2015","21.5%","","18 to 24"
"56","Wyoming","2015","17.7%","","25 to 34"
"56","Wyoming","2015","10.4%","","35 to 44"
"56","Wyoming","2015","9.7%","","45 to 54"
"56","Wyoming","2015","11.8%","","55 to 64"
"56","Wyoming","2015","11.4%","","65 or older"
"56","Wyoming","2016","26.6%","","18 to 24"
"56","Wyoming","2016","15.7%","","25 to 34"
"56","Wyoming","2016","11.6%","","35 to 44"
"56","Wyoming","2016","10.7%","","45 to 54"
"56","Wyoming","2016","11.2%","","55 to 64"
"56","Wyoming","2016","11.0%","","65 or older"
